,Wolf,Sheep
0,528,2088
1,544,1928
2,559,1813
3,583,1731
4,606,1654
5,633,1543
6,660,1457
7,685,1386
8,712,1228
9,741,1133
10,769,1037
11,785,953
12,811,850
13,842,765
14,878,686
15,923,595
16,968,525
17,1000,463
18,1037,427
19,1072,373
20,1122,343
21,1163,308
22,1194,280
23,1215,249
24,1242,228
25,1265,202
26,1308,182
27,1338,161
28,1352,141
29,1379,126
30,1400,116
31,1430,110
32,1448,95
33,1467,82
34,1470,82
35,1497,80
36,1511,73
37,1492,71
38,1465,70
39,1455,67
40,1448,64
41,1449,56
42,1436,52
43,1436,44
44,1411,41
45,1376,39
46,1348,37
47,1303,37
48,1269,36
49,1253,32
50,1206,32
51,1170,30
52,1148,30
53,1112,27
54,1102,22
55,1050,20
56,1011,20
57,952,21
58,902,19
59,856,20
60,797,20
61,765,17
62,734,18
63,716,17
64,713,16
65,686,14
66,656,12
67,624,11
68,618,11
69,597,12
70,569,10
71,546,11
72,519,11
73,466,12
74,430,12
75,423,13
76,412,13
77,394,13
78,373,14
79,365,14
80,354,14
81,331,15
82,295,15
83,280,16
84,256,17
85,245,18
86,231,17
87,213,17
88,195,18
89,179,18
90,156,18
91,148,19
92,135,19
93,125,19
94,108,19
95,91,18
96,81,18
97,80,18
98,80,17
99,72,17
100,64,16
101,59,16
102,55,16
103,58,19
104,54,19
105,59,20
106,61,22
107,60,24
108,54,24
109,45,26
110,36,27
111,38,29
112,39,31
113,40,30
114,42,30
115,41,30
116,39,30
117,36,30
118,32,30
119,30,32
120,27,33
121,28,34
122,28,34
123,23,33
124,21,35
125,19,36
126,17,39
127,16,40
128,17,39
129,15,42
130,16,42
131,16,40
132,18,44
133,13,44
134,10,45
135,12,49
136,13,48
137,14,48
138,12,45
139,10,47
140,10,47
141,7,51
142,7,53
143,6,55
144,6,61
145,7,62
146,6,64
147,7,67
148,8,68
149,8,66
150,8,67
151,8,68
152,8,69
153,9,70
154,9,75
155,9,76
156,8,75
157,7,77
158,7,81
159,7,83
160,7,85
161,7,88
162,9,89
163,9,87
164,7,88
165,6,85
166,6,86
167,7,87
168,8,86
169,8,88
170,8,89
171,8,93
172,9,98
173,11,98
174,11,101
175,9,102
176,10,106
177,12,108
178,12,109
179,9,111
180,10,115
181,9,118
182,9,113
183,9,116
184,9,117
185,10,122
186,10,130
187,10,133
188,11,140
189,12,148
190,12,146
191,12,152
192,13,155
193,13,157
194,13,160
195,11,166
196,10,171
197,11,176
198,11,177
199,13,171
200,13,172
201,14,168
202,15,169
203,14,170
204,14,173
205,14,178
206,14,184
207,14,184
208,14,185
209,14,186
210,15,195
211,13,190
212,14,197
213,14,196
214,14,199
215,15,201
216,16,204
217,16,207
218,16,216
219,17,225
220,17,233
221,17,230
222,15,234
223,17,239
224,17,245
225,18,244
226,21,247
227,22,246
228,25,250
229,24,254
230,25,262
231,27,270
232,29,272
233,30,276
234,28,279
235,28,284
236,31,288
237,34,298
238,33,305
239,35,313
240,32,313
241,33,329
242,32,332
243,33,334
244,32,334
245,29,320
246,31,324
247,33,326
248,35,334
249,31,343
250,28,360
251,25,362
252,23,370
253,23,373
254,24,372
255,24,381
256,26,391
257,26,397
258,27,387
259,24,393
260,26,403
261,25,413
262,25,420
263,28,431
264,28,443
265,28,458
266,30,477
267,34,490
268,34,496
269,37,504
270,39,510
271,39,519
272,42,524
273,44,528
274,41,534
275,41,547
276,42,537
277,38,549
278,40,554
279,41,561
280,39,561
281,39,578
282,42,580
283,43,598
284,45,601
285,43,598
286,45,608
287,46,622
288,44,615
289,44,613
290,40,623
291,39,643
292,38,651
293,38,649
294,39,651
295,39,661
296,44,663
297,46,673
298,49,670
299,52,673
300,53,682
301,55,683
302,49,700
303,49,689
304,50,681
305,50,688
306,49,702
307,50,700
308,50,711
309,52,707
310,52,725
311,55,725
312,55,728
313,55,745
314,59,739
315,56,727
316,51,720
317,50,722
318,50,724
319,56,727
320,58,737
321,58,743
322,56,747
323,57,741
324,55,739
325,58,747
326,59,749
327,63,739
328,66,745
329,68,746
330,69,745
331,69,755
332,67,761
333,66,777
334,65,797
335,65,809
336,67,815
337,70,810
338,71,808
339,66,814
340,65,839
341,65,829
342,67,829
343,68,833
344,64,850
345,60,851
346,65,846
347,65,872
348,69,872
349,72,850
350,76,844
351,78,851
352,81,869
353,80,874
354,82,886
355,83,888
356,83,900
357,89,883
358,92,870
359,95,865
360,96,873
361,83,862
362,83,862
363,80,859
364,84,855
365,86,853
366,86,843
367,88,855
368,89,859
369,85,849
370,89,838
371,91,825
372,94,825
373,93,819
374,94,828
375,94,834
376,99,832
377,103,840
378,104,838
379,96,831
380,94,834
381,96,836
382,96,829
383,101,821
384,103,827
385,104,823
386,107,824
387,109,828
388,113,824
389,119,819
390,119,827
391,116,824
392,116,848
393,111,839
394,107,843
395,100,841
396,104,845
397,100,838
398,92,837
399,91,827
400,521,2079
401,541,1945
402,567,1864
403,599,1780
404,624,1696
405,645,1558
406,676,1465
407,700,1364
408,724,1238
409,751,1132
410,785,1031
411,821,938
412,856,852
413,878,754
414,905,687
415,936,612
416,968,555
417,1006,488
418,1020,429
419,1048,387
420,1093,328
421,1140,285
422,1175,253
423,1203,223
424,1228,214
425,1252,191
426,1283,173
427,1305,154
428,1323,140
429,1330,133
430,1348,121
431,1384,117
432,1403,106
433,1404,97
434,1396,93
435,1398,82
436,1393,81
437,1388,73
438,1380,69
439,1380,64
440,1386,62
441,1387,62
442,1365,58
443,1346,56
444,1339,56
445,1322,54
446,1292,51
447,1253,48
448,1226,46
449,1200,45
450,1170,45
451,1136,44
452,1112,44
453,1087,43
454,1062,43
455,1020,43
456,966,42
457,940,38
458,896,34
459,868,31
460,842,33
461,792,32
462,758,32
463,740,33
464,721,33
465,682,35
466,630,32
467,604,31
468,585,31
469,579,30
470,547,33
471,525,33
472,521,36
473,490,38
474,471,39
475,453,41
476,440,43
477,412,44
478,379,44
479,368,45
480,343,44
481,324,43
482,312,41
483,295,40
484,293,41
485,285,42
486,271,43
487,263,43
488,251,44
489,240,44
490,228,44
491,210,45
492,196,48
493,180,49
494,167,50
495,160,55
496,151,58
497,145,58
498,134,58
499,123,61
500,116,65
501,117,63
502,111,60
503,99,61
504,89,60
505,84,61
506,80,62
507,67,61
508,68,64
509,67,65
510,67,67
511,68,68
512,62,69
513,61,73
514,60,74
515,57,74
516,59,75
517,62,80
518,62,84
519,60,85
520,54,87
521,54,90
522,52,94
523,51,98
524,47,104
525,36,104
526,33,107
527,34,113
528,32,116
529,32,116
530,31,117
531,32,117
532,33,117
533,31,118
534,26,120
535,27,124
536,25,129
537,24,137
538,21,137
539,23,142
540,25,147
541,27,148
542,24,152
543,24,152
544,26,152
545,24,152
546,24,153
547,25,156
548,26,157
549,21,163
550,19,165
551,19,170
552,15,175
553,15,178
554,16,182
555,16,187
556,12,191
557,13,192
558,14,194
559,15,200
560,16,207
561,14,213
562,14,222
563,14,227
564,15,231
565,17,234
566,17,243
567,18,248
568,20,260
569,20,265
570,20,274
571,20,279
572,19,279
573,20,284
574,20,296
575,20,309
576,20,322
577,21,331
578,23,345
579,23,349
580,19,359
581,18,365
582,14,380
583,14,381
584,11,393
585,10,394
586,11,402
587,13,400
588,15,402
589,15,414
590,12,412
591,12,418
592,15,426
593,16,432
594,16,439
595,17,444
596,15,449
597,15,461
598,16,477
599,19,501
600,21,532
601,20,550
602,20,563
603,18,574
604,18,577
605,18,592
606,21,596
607,22,620
608,22,627
609,24,640
610,26,650
611,28,657
612,29,666
613,25,661
614,24,661
615,22,671
616,21,679
617,21,686
618,21,699
619,22,703
620,23,705
621,23,721
622,23,722
623,24,744
624,27,760
625,27,763
626,27,780
627,26,793
628,27,800
629,26,811
630,27,821
631,29,838
632,27,839
633,29,844
634,29,863
635,30,873
636,32,874
637,29,878
638,29,875
639,29,889
640,30,880
641,31,877
642,32,889
643,31,893
644,30,897
645,31,911
646,32,914
647,37,914
648,36,914
649,38,902
650,36,904
651,39,909
652,40,909
653,41,911
654,42,911
655,44,910
656,46,921
657,46,925
658,46,923
659,47,933
660,46,938
661,46,953
662,48,962
663,46,958
664,47,963
665,44,963
666,45,974
667,48,980
668,47,990
669,47,983
670,46,978
671,46,993
672,49,989
673,52,991
674,57,982
675,60,983
676,62,996
677,62,995
678,62,961
679,62,960
680,63,952
681,66,954
682,67,953
683,71,943
684,74,927
685,75,911
686,76,903
687,77,887
688,74,884
689,81,866
690,87,877
691,89,884
692,84,886
693,85,890
694,83,877
695,76,878
696,77,871
697,85,886
698,88,892
699,89,893
700,92,897
701,96,907
702,96,904
703,94,906
704,94,902
705,92,892
706,89,880
707,87,883
708,89,867
709,91,865
710,94,846
711,88,845
712,86,842
713,87,833
714,81,819
715,86,822
716,89,801
717,90,795
718,92,788
719,95,784
720,92,784
721,92,786
722,95,779
723,93,776
724,92,772
725,94,778
726,95,772
727,97,787
728,97,776
729,107,784
730,109,785
731,109,788
732,115,785
733,118,779
734,116,783
735,118,781
736,122,776
737,129,782
738,134,772
739,136,770
740,138,779
741,140,767
742,147,769
743,141,765
744,144,770
745,139,770
746,137,765
747,135,757
748,136,751
749,144,752
750,146,743
751,148,760
752,152,754
753,156,754
754,159,742
755,154,745
756,156,751
757,158,769
758,158,770
759,158,767
760,162,764
761,164,758
762,167,755
763,172,738
764,174,721
765,172,716
766,174,703
767,178,706
768,180,710
769,189,697
770,196,689
771,206,685
772,213,688
773,216,679
774,213,675
775,210,672
776,217,662
777,220,664
778,230,662
779,233,659
780,239,637
781,251,639
782,255,636
783,256,632
784,264,634
785,263,615
786,260,613
787,262,609
788,267,597
789,269,595
790,272,604
791,279,595
792,288,598
793,292,603
794,299,616
795,303,609
796,303,620
797,295,631
798,296,636
799,300,634
800,533,2080
801,552,1950
802,577,1838
803,600,1762
804,615,1670
805,640,1593
806,676,1481
807,699,1368
808,731,1235
809,776,1136
810,802,1029
811,832,927
812,867,836
813,897,764
814,936,710
815,957,628
816,994,551
817,1032,486
818,1065,445
819,1110,394
820,1163,356
821,1198,330
822,1239,284
823,1282,253
824,1330,234
825,1339,208
826,1354,182
827,1364,159
828,1380,153
829,1390,144
830,1420,134
831,1456,123
832,1465,119
833,1485,107
834,1478,96
835,1445,88
836,1462,83
837,1462,80
838,1466,67
839,1472,64
840,1489,64
841,1491,61
842,1476,56
843,1477,56
844,1451,56
845,1420,49
846,1412,44
847,1393,47
848,1356,49
849,1312,47
850,1270,45
851,1256,40
852,1224,33
853,1182,31
854,1144,32
855,1107,34
856,1069,36
857,993,37
858,941,34
859,891,32
860,842,31
861,820,29
862,815,29
863,775,24
864,734,25
865,708,25
866,693,26
867,651,28
868,638,31
869,602,34
870,545,34
871,507,34
872,485,31
873,460,31
874,450,31
875,438,31
876,397,31
877,373,31
878,347,32
879,324,33
880,307,33
881,283,34
882,271,34
883,260,34
884,241,35
885,223,37
886,207,41
887,193,43
888,187,43
889,175,43
890,172,46
891,160,45
892,133,47
893,121,46
894,109,46
895,100,48
896,95,48
897,95,51
898,91,49
899,88,50
900,78,52
901,63,52
902,61,52
903,54,55
904,46,54
905,43,57
906,43,58
907,42,59
908,36,59
909,35,60
910,35,61
911,31,62
912,24,64
913,23,67
914,23,69
915,22,70
916,22,71
917,22,81
918,22,86
919,22,87
920,19,90
921,19,94
922,18,93
923,17,95
924,18,97
925,20,106
926,23,110
927,21,113
928,21,120
929,20,121
930,21,124
931,20,128
932,20,136
933,23,139
934,24,146
935,22,151
936,19,157
937,15,165
938,14,173
939,13,177
940,14,186
941,16,191
942,19,192
943,20,197
944,19,203
945,14,206
946,14,203
947,12,204
948,16,208
949,19,214
950,22,218
951,21,225
952,20,231
953,23,236
954,22,242
955,22,250
956,23,257
957,22,264
958,21,264
959,21,267
960,26,280
961,27,284
962,26,283
963,25,289
964,19,293
965,18,306
966,18,305
967,20,300
968,20,304
969,18,314
970,17,319
971,16,324
972,17,313
973,18,318
974,18,325
975,18,337
976,17,342
977,15,354
978,14,358
979,13,368
980,13,378
981,15,389
982,16,395
983,15,395
984,15,399
985,15,415
986,15,414
987,12,419
988,12,423
989,12,430
990,12,436
991,15,436
992,15,455
993,15,462
994,15,479
995,16,477
996,18,491
997,19,491
998,21,490
999,24,499
1000,27,501
1001,25,505
1002,21,504
1003,20,508
1004,20,519
1005,20,519
1006,19,517
1007,20,527
1008,22,525
1009,23,520
1010,25,528
1011,27,542
1012,26,557
1013,27,565
1014,26,564
1015,26,565
1016,24,576
1017,25,577
1018,25,589
1019,24,584
1020,23,588
1021,25,604
1022,24,619
1023,25,615
1024,28,638
1025,30,642
1026,29,643
1027,29,632
1028,28,631
1029,25,624
1030,26,629
1031,26,633
1032,28,632
1033,31,641
1034,31,643
1035,31,644
1036,31,658
1037,32,665
1038,33,669
1039,33,670
1040,36,671
1041,39,671
1042,39,685
1043,34,696
1044,35,702
1045,31,688
1046,34,690
1047,34,691
1048,35,701
1049,37,710
1050,38,711
1051,39,711
1052,39,720
1053,41,724
1054,39,725
1055,40,753
1056,45,751
1057,45,746
1058,46,751
1059,46,754
1060,50,751
1061,49,759
1062,52,777
1063,50,790
1064,48,796
1065,52,804
1066,53,816
1067,52,825
1068,54,824
1069,55,824
1070,53,830
1071,51,848
1072,50,856
1073,52,835
1074,51,828
1075,50,844
1076,51,828
1077,52,828
1078,55,832
1079,55,820
1080,58,816
1081,58,823
1082,61,820
1083,64,817
1084,67,799
1085,67,793
1086,72,792
1087,72,789
1088,79,783
1089,81,788
1090,82,791
1091,82,787
1092,80,786
1093,80,802
1094,89,813
1095,87,812
1096,90,807
1097,93,806
1098,87,805
1099,85,792
1100,79,796
1101,77,809
1102,77,822
1103,74,820
1104,80,824
1105,85,836
1106,85,839
1107,88,837
1108,88,823
1109,87,829
1110,87,835
1111,85,829
1112,85,827
1113,88,833
1114,92,841
1115,95,836
1116,103,844
1117,104,848
1118,105,854
1119,109,858
1120,111,874
1121,110,877
1122,105,886
1123,102,893
1124,102,889
1125,101,878
1126,100,859
1127,101,840
1128,102,846
1129,95,860
1130,95,855
1131,97,850
1132,104,837
1133,107,830
1134,110,820
1135,111,813
1136,112,820
1137,118,812
1138,118,802
1139,125,796
1140,129,775
1141,128,782
1142,127,779
1143,132,784
1144,138,777
1145,138,793
1146,139,795
1147,141,788
1148,148,789
1149,150,795
1150,152,800
1151,154,798
1152,156,786
1153,159,773
1154,168,777
1155,172,778
1156,174,776
1157,176,777
1158,175,763
1159,177,750
1160,181,755
1161,177,757
1162,176,769
1163,180,771
1164,180,767
1165,181,767
1166,179,737
1167,181,741
1168,183,723
1169,180,725
1170,176,730
1171,179,736
1172,185,732
1173,188,738
1174,193,744
1175,196,762
1176,206,760
1177,213,753
1178,219,753
1179,224,757
1180,226,775
1181,229,782
1182,233,779
1183,228,766
1184,229,757
1185,226,750
1186,238,739
1187,239,739
1188,250,733
1189,248,727
1190,248,729
1191,248,718
1192,240,709
1193,238,703
1194,241,704
1195,236,690
1196,225,691
1197,221,684
1198,218,696
1199,217,683
1200,526,2065
1201,551,1917
1202,588,1792
1203,610,1716
1204,639,1617
1205,669,1510
1206,708,1438
1207,737,1342
1208,766,1215
1209,797,1124
1210,832,1023
1211,860,942
1212,888,857
1213,916,768
1214,942,678
1215,975,614
1216,1001,558
1217,1016,495
1218,1034,443
1219,1064,390
1220,1095,343
1221,1117,323
1222,1132,286
1223,1169,261
1224,1191,233
1225,1239,202
1226,1272,190
1227,1302,173
1228,1324,164
1229,1348,156
1230,1361,144
1231,1363,141
1232,1395,125
1233,1427,118
1234,1446,105
1235,1437,95
1236,1448,89
1237,1461,79
1238,1449,71
1239,1443,62
1240,1431,50
1241,1405,47
1242,1397,46
1243,1390,39
1244,1381,30
1245,1371,24
1246,1362,24
1247,1345,23
1248,1321,24
1249,1281,24
1250,1245,22
1251,1211,20
1252,1179,19
1253,1135,19
1254,1091,17
1255,1045,15
1256,994,16
1257,957,16
1258,915,15
1259,884,13
1260,860,14
1261,823,13
1262,795,12
1263,779,13
1264,753,12
1265,708,8
1266,645,8
1267,611,8
1268,587,8
1269,578,8
1270,554,8
1271,534,7
1272,504,8
1273,485,7
1274,466,8
1275,445,9
1276,406,9
1277,373,9
1278,367,10
1279,346,10
1280,336,8
1281,316,10
1282,295,11
1283,287,10
1284,269,10
1285,261,9
1286,250,9
1287,243,9
1288,235,9
1289,218,9
1290,217,9
1291,211,9
1292,200,10
1293,197,10
1294,191,8
1295,181,8
1296,158,9
1297,153,9
1298,141,9
1299,136,9
1300,124,8
1301,116,8
1302,103,8
1303,96,7
1304,82,7
1305,73,7
1306,66,7
1307,65,7
1308,60,7
1309,56,8
1310,51,8
1311,46,8
1312,42,8
1313,41,9
1314,39,12
1315,36,13
1316,36,13
1317,35,14
1318,30,15
1319,30,15
1320,31,15
1321,29,14
1322,25,14
1323,26,15
1324,26,15
1325,18,16
1326,18,19
1327,18,19
1328,19,19
1329,19,20
1330,18,20
1331,16,22
1332,13,22
1333,13,24
1334,13,24
1335,13,27
1336,14,28
1337,15,29
1338,16,30
1339,16,30
1340,16,31
1341,15,32
1342,13,32
1343,13,33
1344,10,36
1345,10,36
1346,8,36
1347,6,36
1348,6,37
1349,5,38
1350,5,38
1351,5,38
1352,5,39
1353,5,40
1354,6,41
1355,6,43
1356,5,45
1357,5,46
1358,5,48
1359,3,48
1360,4,50
1361,4,50
1362,2,52
1363,1,53
1364,1,54
1365,1,54
1366,1,57
1367,1,59
1368,1,59
1369,1,60
1370,1,62
1371,1,66
1372,1,71
1373,1,74
1374,1,77
1375,1,78
1376,1,80
1377,1,79
1378,1,82
1379,1,92
1380,1,93
1381,1,94
1382,2,92
1383,2,95
1384,2,96
1385,2,103
1386,3,110
1387,3,112
1388,3,109
1389,1,108
1390,0,110
1391,0,113
1392,0,110
1393,0,112
1394,0,117
1395,0,121
1396,0,123
1397,0,123
1398,0,126
1399,0,133
1400,0,136
1401,0,142
1402,0,139
1403,0,140
1404,0,144
1405,0,143
1406,0,141
1407,0,142
1408,0,147
1409,0,153
1410,0,148
1411,0,150
1412,0,151
1413,0,153
1414,0,166
1415,0,170
1416,0,171
1417,0,177
1418,0,182
1419,0,188
1420,0,192
1421,0,194
1422,0,198
1423,0,198
1424,0,211
1425,0,216
1426,0,213
1427,0,216
1428,0,218
1429,0,222
1430,0,226
1431,0,231
1432,0,235
1433,0,239
1434,0,243
1435,0,243
1436,0,244
1437,0,248
1438,0,256
1439,0,262
1440,0,264
1441,0,267
1442,0,278
1443,0,276
1444,0,285
1445,0,282
1446,0,281
1447,0,288
1448,0,294
1449,0,294
1450,0,301
1451,0,304
1452,0,309
1453,0,317
1454,0,323
1455,0,321
1456,0,327
1457,0,334
1458,0,338
1459,0,345
1460,0,345
1461,0,350
1462,0,357
1463,0,369
1464,0,379
1465,0,381
1466,0,387
1467,0,384
1468,0,390
1469,0,397
1470,0,400
1471,0,402
1472,0,418
1473,0,426
1474,0,424
1475,0,422
1476,0,428
1477,0,444
1478,0,454
1479,0,468
1480,0,472
1481,0,469
1482,0,482
1483,0,489
1484,0,498
1485,0,502
1486,0,497
1487,0,499
1488,0,500
1489,0,498
1490,0,484
1491,0,491
1492,0,502
1493,0,493
1494,0,481
1495,0,476
1496,0,475
1497,0,475
1498,0,481
1499,0,483
1500,0,477
1501,0,490
1502,0,500
1503,0,513
1504,0,531
1505,0,538
1506,0,550
1507,0,553
1508,0,565
1509,0,578
1510,0,582
1511,0,586
1512,0,597
1513,0,591
1514,0,601
1515,0,606
1516,0,601
1517,0,589
1518,0,605
1519,0,618
1520,0,630
1521,0,629
1522,0,625
1523,0,629
1524,0,635
1525,0,650
1526,0,666
1527,0,652
1528,0,642
1529,0,637
1530,0,640
1531,0,643
1532,0,648
1533,0,657
1534,0,675
1535,0,674
1536,0,673
1537,0,680
1538,0,675
1539,0,681
1540,0,680
1541,0,677
1542,0,682
1543,0,697
1544,0,709
1545,0,708
1546,0,722
1547,0,724
1548,0,728
1549,0,741
1550,0,745
1551,0,743
1552,0,754
1553,0,759
1554,0,764
1555,0,776
1556,0,794
1557,0,807
1558,0,811
1559,0,816
1560,0,826
1561,0,839
1562,0,843
1563,0,860
1564,0,863
1565,0,867
1566,0,848
1567,0,846
1568,0,854
1569,0,859
1570,0,863
1571,0,874
1572,0,882
1573,0,892
1574,0,907
1575,0,923
1576,0,923
1577,0,907
1578,0,902
1579,0,901
1580,0,912
1581,0,914
1582,0,916
1583,0,891
1584,0,890
1585,0,896
1586,0,897
1587,0,902
1588,0,902
1589,0,900
1590,0,898
1591,0,904
1592,0,901
1593,0,924
1594,0,914
1595,0,922
1596,0,913
1597,0,902
1598,0,892
1599,0,898
1600,526,2068
1601,548,1934
1602,562,1833
1603,577,1748
1604,608,1676
1605,645,1574
1606,667,1476
1607,696,1383
1608,705,1262
1609,736,1148
1610,770,1024
1611,791,916
1612,821,839
1613,848,765
1614,884,668
1615,921,601
1616,968,533
1617,1003,486
1618,1028,434
1619,1064,390
1620,1088,363
1621,1118,327
1622,1149,291
1623,1174,254
1624,1195,231
1625,1234,211
1626,1248,184
1627,1284,175
1628,1305,159
1629,1317,141
1630,1348,127
1631,1368,115
1632,1378,109
1633,1390,102
1634,1396,97
1635,1399,89
1636,1417,85
1637,1399,79
1638,1395,80
1639,1382,76
1640,1354,76
1641,1339,74
1642,1296,67
1643,1289,58
1644,1300,56
1645,1280,53
1646,1261,54
1647,1229,50
1648,1230,46
1649,1203,43
1650,1165,44
1651,1145,44
1652,1121,42
1653,1086,44
1654,1064,47
1655,1037,46
1656,1032,46
1657,998,49
1658,951,50
1659,928,45
1660,888,44
1661,854,39
1662,818,40
1663,780,40
1664,736,37
1665,717,31
1666,686,32
1667,658,34
1668,625,33
1669,617,32
1670,600,33
1671,575,33
1672,558,36
1673,559,37
1674,552,38
1675,536,38
1676,500,40
1677,466,41
1678,422,43
1679,396,44
1680,370,43
1681,352,43
1682,337,47
1683,319,49
1684,318,48
1685,301,49
1686,289,48
1687,260,50
1688,251,51
1689,246,54
1690,231,56
1691,223,56
1692,213,55
1693,209,54
1694,209,54
1695,195,56
1696,187,52
1697,179,53
1698,174,56
1699,172,56
1700,160,56
1701,149,54
1702,136,57
1703,133,60
1704,124,59
1705,114,61
1706,104,63
1707,103,66
1708,99,68
1709,100,68
1710,89,71
1711,78,73
1712,80,74
1713,75,77
1714,68,80
1715,65,80
1716,58,79
1717,60,81
1718,61,82
1719,53,84
1720,52,84
1721,47,85
1722,42,87
1723,37,94
1724,33,99
1725,35,104
1726,35,107
1727,35,108
1728,31,110
1729,28,118
1730,24,122
1731,22,129
1732,23,130
1733,22,136
1734,18,141
1735,16,143
1736,17,148
1737,16,148
1738,16,153
1739,17,159
1740,19,160
1741,21,168
1742,22,174
1743,19,181
1744,19,187
1745,20,195
1746,18,199
1747,14,208
1748,16,212
1749,16,211
1750,17,214
1751,17,219
1752,17,223
1753,17,227
1754,17,230
1755,18,239
1756,19,242
1757,18,246
1758,16,256
1759,17,260
1760,17,271
1761,18,271
1762,19,275
1763,20,277
1764,20,281
1765,21,290
1766,19,298
1767,20,313
1768,20,323
1769,21,312
1770,21,322
1771,23,329
1772,25,337
1773,26,338
1774,24,349
1775,23,348
1776,22,356
1777,25,365
1778,28,375
1779,31,378
1780,31,388
1781,30,397
1782,29,408
1783,32,413
1784,34,431
1785,32,440
1786,33,442
1787,32,441
1788,33,447
1789,33,456
1790,28,463
1791,28,473
1792,27,486
1793,29,489
1794,28,493
1795,29,501
1796,32,503
1797,30,507
1798,32,520
1799,30,529
1800,30,535
1801,29,527
1802,30,542
1803,28,556
1804,28,573
1805,29,589
1806,27,584
1807,27,591
1808,26,589
1809,26,585
1810,26,595
1811,27,599
1812,30,608
1813,30,618
1814,31,617
1815,30,620
1816,30,622
1817,32,630
1818,33,631
1819,35,632
1820,36,644
1821,36,651
1822,36,656
1823,32,661
1824,34,671
1825,35,684
1826,35,699
1827,38,708
1828,39,716
1829,40,736
1830,36,736
1831,39,748
1832,38,760
1833,41,766
1834,41,777
1835,39,785
1836,40,800
1837,42,794
1838,42,800
1839,41,806
1840,40,824
1841,41,825
1842,44,837
1843,43,857
1844,43,867
1845,45,870
1846,49,873
1847,50,885
1848,52,891
1849,55,909
1850,60,925
1851,65,935
1852,70,964
1853,69,961
1854,71,964
1855,75,962
1856,76,971
1857,73,974
1858,74,976
1859,71,980
1860,72,987
1861,71,987
1862,73,988
1863,69,978
1864,71,978
1865,72,998
1866,70,987
1867,70,988
1868,69,994
1869,70,997
1870,71,1007
1871,75,1004
1872,78,994
1873,80,1011
1874,82,1016
1875,82,997
1876,83,989
1877,80,974
1878,83,974
1879,83,974
1880,88,962
1881,86,965
1882,87,969
1883,91,978
1884,94,991
1885,99,973
1886,101,973
1887,102,948
1888,105,943
1889,109,938
1890,113,936
1891,112,931
1892,111,913
1893,118,916
1894,125,919
1895,132,925
1896,139,919
1897,141,905
1898,143,899
1899,146,894
1900,153,900
1901,156,872
1902,154,851
1903,151,845
1904,153,838
1905,157,836
1906,162,844
1907,170,844
1908,171,834
1909,176,819
1910,178,811
1911,176,804
1912,174,789
1913,183,774
1914,190,781
1915,197,771
1916,198,749
1917,203,731
1918,203,726
1919,204,725
1920,200,729
1921,193,734
1922,192,731
1923,200,726
1924,200,724
1925,209,716
1926,213,721
1927,208,713
1928,216,720
1929,214,724
1930,216,727
1931,213,730
1932,212,726
1933,215,730
1934,227,748
1935,226,735
1936,224,713
1937,220,714
1938,223,695
1939,231,711
1940,227,702
1941,231,702
1942,228,701
1943,220,701
1944,221,692
1945,231,689
1946,228,676
1947,222,670
1948,207,663
1949,208,661
1950,207,654
1951,204,657
1952,197,650
1953,193,634
1954,193,634
1955,196,637
1956,203,624
1957,199,623
1958,199,618
1959,203,604
1960,208,612
1961,210,606
1962,213,596
1963,218,594
1964,224,590
1965,229,600
1966,241,609
1967,250,611
1968,253,611
1969,256,606
1970,254,605
1971,254,602
1972,250,601
1973,264,592
1974,268,595
1975,259,586
1976,255,568
1977,251,555
1978,250,554
1979,237,553
1980,239,562
1981,239,558
1982,237,551
1983,238,547
1984,245,548
1985,249,545
1986,252,543
1987,249,549
1988,254,566
1989,246,588
1990,244,586
1991,239,579
1992,247,570
1993,241,565
1994,247,559
1995,248,553
1996,251,558
1997,256,548
1998,256,538
1999,264,533
2000,521,2078
2001,539,1957
2002,553,1848
2003,571,1778
2004,595,1694
2005,622,1587
2006,642,1492
2007,661,1362
2008,686,1234
2009,713,1132
2010,737,1039
2011,753,931
2012,783,839
2013,818,754
2014,856,685
2015,889,617
2016,929,563
2017,966,487
2018,996,428
2019,1019,392
2020,1050,352
2021,1074,312
2022,1111,278
2023,1152,251
2024,1181,217
2025,1234,190
2026,1275,176
2027,1320,156
2028,1335,148
2029,1355,130
2030,1375,127
2031,1409,122
2032,1424,111
2033,1412,105
2034,1428,102
2035,1467,94
2036,1466,91
2037,1460,87
2038,1457,81
2039,1462,76
2040,1464,75
2041,1445,71
2042,1441,67
2043,1404,64
2044,1352,59
2045,1308,57
2046,1284,54
2047,1260,48
2048,1241,46
2049,1215,43
2050,1203,39
2051,1180,38
2052,1140,37
2053,1129,32
2054,1092,30
2055,1053,30
2056,1017,27
2057,1012,27
2058,963,28
2059,927,28
2060,905,27
2061,849,27
2062,835,29
2063,800,33
2064,782,33
2065,766,32
2066,729,29
2067,675,29
2068,635,29
2069,611,30
2070,578,28
2071,517,30
2072,473,33
2073,452,31
2074,434,31
2075,434,35
2076,419,38
2077,389,37
2078,375,33
2079,367,32
2080,358,32
2081,343,29
2082,319,30
2083,304,31
2084,287,31
2085,278,30
2086,260,32
2087,249,32
2088,240,33
2089,238,35
2090,227,36
2091,213,35
2092,194,36
2093,182,38
2094,160,39
2095,151,36
2096,149,38
2097,151,37
2098,147,35
2099,142,35
2100,139,36
2101,128,37
2102,132,36
2103,133,39
2104,127,37
2105,123,38
2106,122,38
2107,119,39
2108,120,39
2109,107,41
2110,102,42
2111,100,43
2112,98,46
2113,101,48
2114,95,51
2115,84,51
2116,75,53
2117,74,57
2118,77,58
2119,71,61
2120,72,61
2121,66,65
2122,65,66
2123,56,67
2124,50,67
2125,51,68
2126,50,69
2127,49,69
2128,49,71
2129,41,78
2130,38,83
2131,37,86
2132,32,88
2133,31,91
2134,33,93
2135,33,93
2136,32,96
2137,31,99
2138,32,96
2139,31,95
2140,31,91
2141,30,92
2142,30,96
2143,33,99
2144,31,102
2145,32,100
2146,30,106
2147,32,112
2148,30,116
2149,31,119
2150,30,125
2151,28,131
2152,30,134
2153,29,136
2154,28,139
2155,25,144
2156,27,147
2157,28,147
2158,30,145
2159,28,143
2160,27,147
2161,28,153
2162,26,159
2163,21,170
2164,20,173
2165,18,174
2166,18,167
2167,18,171
2168,19,183
2169,20,193
2170,20,200
2171,20,202
2172,17,212
2173,18,218
2174,17,224
2175,17,233
2176,18,231
2177,18,235
2178,18,234
2179,17,241
2180,19,242
2181,18,253
2182,18,260
2183,19,265
2184,19,261
2185,20,265
2186,20,266
2187,20,276
2188,20,282
2189,20,285
2190,20,297
2191,18,306
2192,18,318
2193,20,326
2194,21,335
2195,19,339
2196,21,347
2197,21,351
2198,22,358
2199,22,362
2200,23,362
2201,17,359
2202,17,360
2203,18,363
2204,16,364
2205,17,367
2206,13,367
2207,13,372
2208,14,371
2209,14,370
2210,14,366
2211,15,362
2212,15,362
2213,16,364
2214,17,371
2215,15,382
2216,15,385
2217,15,390
2218,16,395
2219,16,400
2220,18,406
2221,20,414
2222,20,427
2223,21,430
2224,22,445
2225,23,456
2226,22,467
2227,23,470
2228,24,482
2229,24,485
2230,24,500
2231,24,504
2232,24,510
2233,22,518
2234,26,523
2235,27,529
2236,28,534
2237,28,541
2238,28,554
2239,28,572
2240,26,580
2241,24,595
2242,24,601
2243,24,611
2244,21,621
2245,22,639
2246,23,651
2247,24,667
2248,24,677
2249,27,698
2250,26,696
2251,27,715
2252,28,710
2253,28,714
2254,29,718
2255,31,735
2256,36,739
2257,33,751
2258,35,751
2259,36,755
2260,39,762
2261,39,773
2262,41,787
2263,44,786
2264,46,785
2265,46,793
2266,47,805
2267,49,802
2268,49,814
2269,50,827
2270,48,823
2271,52,832
2272,49,844
2273,48,860
2274,44,872
2275,45,869
2276,46,874
2277,46,868
2278,47,886
2279,50,886
2280,50,883
2281,53,895
2282,55,890
2283,60,891
2284,62,900
2285,62,903
2286,61,916
2287,66,927
2288,62,935
2289,63,945
2290,62,952
2291,66,964
2292,65,985
2293,67,992
2294,65,978
2295,63,976
2296,61,989
2297,62,974
2298,61,982
2299,66,988
2300,69,992
2301,70,991
2302,73,996
2303,75,1004
2304,76,1000
2305,79,1008
2306,84,1007
2307,86,1005
2308,86,1003
2309,87,994
2310,91,1010
2311,90,1016
2312,88,991
2313,93,979
2314,90,972
2315,86,974
2316,82,968
2317,88,964
2318,87,981
2319,90,965
2320,93,955
2321,95,940
2322,96,911
2323,98,912
2324,94,922
2325,96,925
2326,88,904
2327,93,904
2328,93,886
2329,95,873
2330,102,867
2331,105,866
2332,105,850
2333,102,844
2334,100,840
2335,102,831
2336,110,830
2337,110,823
2338,112,811
2339,108,806
2340,108,785
2341,106,792
2342,111,777
2343,110,783
2344,112,803
2345,112,807
2346,105,801
2347,104,801
2348,110,802
2349,111,809
2350,116,808
2351,115,795
2352,110,793
2353,107,805
2354,114,796
2355,114,782
2356,114,778
2357,120,774
2358,126,777
2359,123,765
2360,118,778
2361,121,771
2362,118,763
2363,121,757
2364,122,739
2365,126,749
2366,121,754
2367,129,740
2368,134,745
2369,138,746
2370,148,750
2371,146,735
2372,142,722
2373,136,721
2374,137,736
2375,133,733
2376,137,740
2377,136,746
2378,130,753
2379,133,759
2380,133,761
2381,128,756
2382,131,748
2383,124,756
2384,126,760
2385,129,757
2386,120,756
2387,116,753
2388,118,752
2389,118,760
2390,117,763
2391,118,773
2392,118,771
2393,120,772
2394,123,776
2395,118,782
2396,123,784
2397,125,799
2398,121,800
2399,121,799
2400,526,2062
2401,546,1912
2402,563,1822
2403,586,1738
2404,608,1665
2405,632,1569
2406,658,1458
2407,672,1333
2408,701,1242
2409,735,1128
2410,763,1023
2411,790,915
2412,823,831
2413,860,749
2414,890,675
2415,909,626
2416,943,555
2417,984,504
2418,1016,462
2419,1068,418
2420,1113,367
2421,1147,330
2422,1169,287
2423,1211,237
2424,1253,221
2425,1279,204
2426,1314,193
2427,1340,183
2428,1362,165
2429,1369,154
2430,1377,136
2431,1370,119
2432,1363,111
2433,1357,97
2434,1368,86
2435,1367,78
2436,1365,72
2437,1360,68
2438,1371,63
2439,1373,59
2440,1383,59
2441,1380,51
2442,1351,46
2443,1334,47
2444,1334,45
2445,1321,43
2446,1298,39
2447,1263,37
2448,1229,34
2449,1187,31
2450,1164,32
2451,1123,28
2452,1073,24
2453,1030,25
2454,1010,23
2455,987,22
2456,943,23
2457,896,27
2458,856,27
2459,839,26
2460,816,23
2461,765,22
2462,738,22
2463,693,21
2464,674,20
2465,644,17
2466,617,14
2467,592,14
2468,547,14
2469,528,15
2470,510,15
2471,499,15
2472,479,15
2473,450,13
2474,432,13
2475,421,13
2476,401,13
2477,378,13
2478,347,12
2479,340,12
2480,324,12
2481,301,13
2482,298,13
2483,282,14
2484,281,14
2485,270,14
2486,266,14
2487,251,14
2488,244,14
2489,244,13
2490,230,13
2491,225,13
2492,215,13
2493,196,13
2494,193,14
2495,185,15
2496,165,14
2497,144,15
2498,138,16
2499,132,17
2500,125,17
2501,129,16
2502,124,16
2503,121,15
2504,104,16
2505,98,18
2506,92,19
2507,94,20
2508,88,20
2509,80,20
2510,77,19
2511,75,18
2512,74,18
2513,66,19
2514,56,19
2515,51,20
2516,49,20
2517,46,21
2518,43,22
2519,42,22
2520,42,22
2521,40,21
2522,39,20
2523,40,21
2524,36,21
2525,37,21
2526,31,24
2527,30,24
2528,26,23
2529,25,24
2530,24,24
2531,20,25
2532,18,25
2533,17,24
2534,15,25
2535,12,26
2536,12,29
2537,10,29
2538,10,29
2539,8,31
2540,8,32
2541,9,32
2542,9,33
2543,10,37
2544,8,37
2545,5,37
2546,5,40
2547,6,43
2548,6,44
2549,7,44
2550,7,44
2551,7,45
2552,7,47
2553,8,48
2554,8,49
2555,8,49
2556,8,53
2557,6,54
2558,7,59
2559,6,63
2560,3,66
2561,3,70
2562,3,75
2563,3,77
2564,4,78
2565,4,80
2566,4,87
2567,4,92
2568,4,92
2569,4,92
2570,4,94
2571,4,98
2572,2,99
2573,2,102
2574,2,104
2575,2,103
2576,2,106
2577,2,108
2578,2,109
2579,2,115
2580,2,116
2581,2,121
2582,2,123
2583,2,126
2584,2,128
2585,2,132
2586,0,132
2587,0,135
2588,0,140
2589,0,148
2590,0,153
2591,0,158
2592,0,166
2593,0,167
2594,0,177
2595,0,183
2596,0,189
2597,0,196
2598,0,202
2599,0,208
2600,0,214
2601,0,221
2602,0,223
2603,0,225
2604,0,230
2605,0,229
2606,0,234
2607,0,238
2608,0,245
2609,0,253
2610,0,257
2611,0,260
2612,0,262
2613,0,275
2614,0,284
2615,0,289
2616,0,296
2617,0,296
2618,0,303
2619,0,305
2620,0,304
2621,0,312
2622,0,319
2623,0,324
2624,0,335
2625,0,342
2626,0,351
2627,0,355
2628,0,360
2629,0,365
2630,0,378
2631,0,391
2632,0,392
2633,0,395
2634,0,399
2635,0,404
2636,0,406
2637,0,410
2638,0,425
2639,0,429
2640,0,438
2641,0,441
2642,0,447
2643,0,453
2644,0,454
2645,0,451
2646,0,454
2647,0,457
2648,0,468
2649,0,475
2650,0,486
2651,0,498
2652,0,511
2653,0,519
2654,0,528
2655,0,534
2656,0,536
2657,0,543
2658,0,546
2659,0,552
2660,0,562
2661,0,572
2662,0,581
2663,0,589
2664,0,595
2665,0,603
2666,0,612
2667,0,614
2668,0,619
2669,0,637
2670,0,643
2671,0,646
2672,0,663
2673,0,687
2674,0,693
2675,0,705
2676,0,727
2677,0,724
2678,0,732
2679,0,742
2680,0,751
2681,0,747
2682,0,748
2683,0,755
2684,0,752
2685,0,779
2686,0,805
2687,0,805
2688,0,805
2689,0,803
2690,0,798
2691,0,805
2692,0,806
2693,0,815
2694,0,821
2695,0,833
2696,0,834
2697,0,843
2698,0,857
2699,0,864
2700,0,857
2701,0,858
2702,0,862
2703,0,859
2704,0,852
2705,0,846
2706,0,860
2707,0,870
2708,0,859
2709,0,854
2710,0,865
2711,0,866
2712,0,865
2713,0,882
2714,0,884
2715,0,880
2716,0,879
2717,0,868
2718,0,882
2719,0,886
2720,0,889
2721,0,884
2722,0,890
2723,0,877
2724,0,871
2725,0,875
2726,0,877
2727,0,872
2728,0,869
2729,0,865
2730,0,879
2731,0,877
2732,0,880
2733,0,873
2734,0,870
2735,0,873
2736,0,875
2737,0,878
2738,0,867
2739,0,877
2740,0,877
2741,0,886
2742,0,894
2743,0,906
2744,0,916
2745,0,916
2746,0,931
2747,0,937
2748,0,940
2749,0,936
2750,0,943
2751,0,957
2752,0,944
2753,0,942
2754,0,947
2755,0,938
2756,0,959
2757,0,961
2758,0,959
2759,0,969
2760,0,970
2761,0,966
2762,0,962
2763,0,965
2764,0,980
2765,0,992
2766,0,1005
2767,0,990
2768,0,992
2769,0,993
2770,0,993
2771,0,990
2772,0,1005
2773,0,1016
2774,0,1016
2775,0,1001
2776,0,994
2777,0,982
2778,0,970
2779,0,970
2780,0,965
2781,0,962
2782,0,957
2783,0,948
2784,0,936
2785,0,934
2786,0,943
2787,0,940
2788,0,945
2789,0,951
2790,0,941
2791,0,939
2792,0,952
2793,0,960
2794,0,954
2795,0,958
2796,0,960
2797,0,958
2798,0,964
2799,0,954
2800,532,2074
2801,551,1919
2802,579,1815
2803,598,1726
2804,625,1642
2805,651,1517
2806,680,1402
2807,707,1288
2808,744,1197
2809,770,1096
2810,799,1001
2811,821,915
2812,845,815
2813,874,731
2814,909,653
2815,953,574
2816,991,514
2817,1033,456
2818,1082,412
2819,1120,374
2820,1151,332
2821,1194,305
2822,1243,275
2823,1273,247
2824,1298,225
2825,1344,193
2826,1377,166
2827,1396,153
2828,1430,145
2829,1442,135
2830,1463,123
2831,1492,115
2832,1503,100
2833,1550,94
2834,1571,85
2835,1541,84
2836,1521,81
2837,1509,72
2838,1487,77
2839,1502,72
2840,1465,66
2841,1439,63
2842,1388,64
2843,1400,60
2844,1392,58
2845,1371,56
2846,1344,49
2847,1323,49
2848,1281,50
2849,1233,52
2850,1215,49
2851,1150,48
2852,1116,44
2853,1084,46
2854,1041,44
2855,1018,44
2856,976,47
2857,943,47
2858,933,45
2859,906,48
2860,848,43
2861,812,42
2862,755,40
2863,711,41
2864,667,41
2865,650,41
2866,617,38
2867,588,34
2868,573,34
2869,525,32
2870,484,33
2871,459,35
2872,443,35
2873,415,35
2874,391,33
2875,381,32
2876,363,32
2877,349,30
2878,328,31
2879,315,32
2880,311,33
2881,301,36
2882,290,36
2883,280,37
2884,277,36
2885,269,35
2886,258,36
2887,254,37
2888,247,37
2889,244,39
2890,226,39
2891,208,42
2892,190,43
2893,182,44
2894,172,47
2895,162,48
2896,147,48
2897,141,45
2898,135,46
2899,122,47
2900,112,48
2901,100,49
2902,91,54
2903,88,57
2904,83,58
2905,79,58
2906,68,55
2907,63,56
2908,59,56
2909,49,61
2910,46,64
2911,43,65
2912,39,64
2913,38,65
2914,41,65
2915,36,66
2916,34,70
2917,34,74
2918,31,76
2919,29,79
2920,33,80
2921,32,83
2922,30,85
2923,31,87
2924,27,91
2925,28,94
2926,26,98
2927,23,103
2928,24,105
2929,24,105
2930,21,109
2931,22,113
2932,23,117
2933,21,125
2934,21,129
2935,21,132
2936,20,134
2937,21,145
2938,21,147
2939,19,151
2940,19,154
2941,18,157
2942,18,159
2943,16,163
2944,17,164
2945,15,165
2946,15,176
2947,17,181
2948,16,187
2949,18,198
2950,17,201
2951,16,202
2952,16,207
2953,15,215
2954,14,222
2955,13,223
2956,10,228
2957,10,232
2958,8,241
2959,8,248
2960,5,257
2961,6,269
2962,6,279
2963,6,280
2964,7,287
2965,8,289
2966,8,297
2967,6,305
2968,6,314
2969,6,315
2970,6,319
2971,6,325
2972,6,336
2973,7,356
2974,8,363
2975,8,373
2976,8,380
2977,9,391
2978,9,399
2979,7,411
2980,8,416
2981,10,432
2982,9,433
2983,10,440
2984,11,455
2985,11,452
2986,6,459
2987,3,468
2988,4,478
2989,4,485
2990,4,494
2991,3,505
2992,3,518
2993,3,524
2994,3,540
2995,3,546
2996,3,559
2997,3,573
2998,3,569
2999,3,577
3000,4,590
3001,4,596
3002,5,611
3003,5,611
3004,5,610
3005,5,624
3006,6,644
3007,7,649
3008,5,656
3009,5,665
3010,5,673
3011,6,677
3012,6,684
3013,4,683
3014,4,700
3015,4,708
3016,4,715
3017,4,737
3018,4,752
3019,5,772
3020,5,755
3021,5,759
3022,3,771
3023,3,797
3024,3,805
3025,3,815
3026,3,815
3027,3,818
3028,3,818
3029,3,826
3030,3,825
3031,3,818
3032,3,834
3033,3,832
3034,3,830
3035,4,843
3036,4,860
3037,5,862
3038,5,868
3039,5,874
3040,5,880
3041,5,885
3042,5,889
3043,6,898
3044,7,896
3045,8,896
3046,9,893
3047,9,906
3048,9,927
3049,9,943
3050,9,952
3051,9,953
3052,9,955
3053,9,947
3054,9,948
3055,10,934
3056,10,937
3057,11,950
3058,9,943
3059,12,944
3060,12,933
3061,13,926
3062,13,940
3063,13,925
3064,13,930
3065,11,920
3066,12,932
3067,13,940
3068,13,945
3069,14,954
3070,14,975
3071,14,985
3072,14,974
3073,12,992
3074,13,987
3075,12,969
3076,12,965
3077,12,960
3078,13,961
3079,15,959
3080,16,972
3081,17,980
3082,18,987
3083,19,991
3084,18,998
3085,18,997
3086,16,995
3087,16,995
3088,18,991
3089,20,999
3090,19,978
3091,16,971
3092,17,964
3093,19,964
3094,20,950
3095,22,948
3096,22,940
3097,24,926
3098,26,930
3099,27,938
3100,24,927
3101,25,922
3102,26,914
3103,27,921
3104,30,923
3105,31,924
3106,32,922
3107,31,917
3108,32,924
3109,31,935
3110,34,933
3111,34,936
3112,35,938
3113,36,937
3114,35,937
3115,37,938
3116,39,936
3117,38,920
3118,38,911
3119,38,887
3120,35,879
3121,35,886
3122,36,884
3123,37,887
3124,36,892
3125,36,892
3126,37,880
3127,38,887
3128,39,889
3129,37,894
3130,37,900
3131,37,896
3132,38,887
3133,38,890
3134,38,890
3135,40,886
3136,38,893
3137,40,890
3138,43,891
3139,45,893
3140,47,898
3141,47,903
3142,48,904
3143,47,903
3144,46,892
3145,48,885
3146,47,879
3147,49,893
3148,47,878
3149,48,880
3150,46,877
3151,48,883
3152,45,878
3153,44,861
3154,44,876
3155,46,873
3156,47,870
3157,52,879
3158,53,870
3159,52,874
3160,51,863
3161,55,871
3162,52,857
3163,53,850
3164,56,855
3165,59,869
3166,61,865
3167,59,872
3168,59,856
3169,57,858
3170,54,869
3171,56,866
3172,57,864
3173,59,854
3174,59,856
3175,59,859
3176,57,849
3177,58,860
3178,60,863
3179,60,849
3180,57,840
3181,61,845
3182,61,843
3183,61,844
3184,68,838
3185,71,842
3186,74,840
3187,77,838
3188,74,847
3189,76,848
3190,80,834
3191,77,819
3192,76,809
3193,76,820
3194,77,827
3195,82,834
3196,85,830
3197,84,834
3198,78,832
3199,78,820
3200,522,2075
3201,543,1930
3202,566,1819
3203,585,1747
3204,611,1643
3205,643,1578
3206,667,1509
3207,690,1404
3208,724,1281
3209,758,1176
3210,787,1037
3211,815,937
3212,859,833
3213,901,764
3214,943,702
3215,988,624
3216,1033,535
3217,1064,485
3218,1104,441
3219,1134,408
3220,1163,366
3221,1218,337
3222,1249,295
3223,1271,256
3224,1317,229
3225,1355,221
3226,1386,199
3227,1426,180
3228,1449,175
3229,1474,159
3230,1474,146
3231,1499,129
3232,1503,114
3233,1532,100
3234,1540,86
3235,1549,83
3236,1549,73
3237,1530,66
3238,1508,62
3239,1511,56
3240,1487,53
3241,1472,49
3242,1460,47
3243,1439,49
3244,1391,50
3245,1359,52
3246,1349,51
3247,1309,48
3248,1290,47
3249,1263,45
3250,1241,42
3251,1180,39
3252,1141,39
3253,1091,39
3254,1055,38
3255,1033,37
3256,989,36
3257,947,33
3258,937,33
3259,888,33
3260,852,30
3261,811,30
3262,753,30
3263,732,30
3264,706,29
3265,674,27
3266,641,25
3267,606,25
3268,570,24
3269,528,23
3270,500,23
3271,496,24
3272,459,24
3273,435,23
3274,407,22
3275,385,24
3276,376,22
3277,357,24
3278,335,25
3279,331,25
3280,317,30
3281,294,30
3282,271,29
3283,266,30
3284,250,32
3285,249,31
3286,233,32
3287,224,31
3288,209,30
3289,198,30
3290,183,30
3291,179,32
3292,183,30
3293,175,33
3294,170,35
3295,156,35
3296,144,35
3297,134,34
3298,129,35
3299,123,36
3300,115,35
3301,107,36
3302,110,37
3303,93,39
3304,83,41
3305,81,42
3306,79,45
3307,79,44
3308,73,44
3309,65,45
3310,55,48
3311,56,49
3312,53,50
3313,48,51
3314,47,52
3315,46,54
3316,44,56
3317,39,59
3318,41,59
3319,42,57
3320,42,57
3321,40,60
3322,40,62
3323,32,63
3324,27,64
3325,23,66
3326,22,67
3327,22,68
3328,21,71
3329,21,77
3330,21,78
3331,22,80
3332,20,82
3333,21,85
3334,22,87
3335,21,88
3336,19,89
3337,21,90
3338,18,94
3339,18,97
3340,19,98
3341,20,103
3342,18,101
3343,20,106
3344,19,110
3345,20,117
3346,18,118
3347,14,120
3348,11,124
3349,11,127
3350,11,131
3351,9,136
3352,9,141
3353,10,147
3354,10,151
3355,11,157
3356,11,163
3357,8,170
3358,8,173
3359,7,180
3360,4,186
3361,4,193
3362,4,198
3363,4,203
3364,3,205
3365,3,208
3366,3,214
3367,3,218
3368,3,225
3369,3,233
3370,3,238
3371,3,242
3372,3,254
3373,3,260
3374,3,258
3375,3,266
3376,4,277
3377,4,285
3378,4,296
3379,4,299
3380,4,302
3381,5,310
3382,6,313
3383,6,327
3384,6,333
3385,6,349
3386,5,361
3387,3,372
3388,1,374
3389,1,380
3390,1,388
3391,1,389
3392,1,402
3393,2,410
3394,2,422
3395,2,427
3396,2,427
3397,2,430
3398,2,452
3399,2,462
3400,2,472
3401,3,477
3402,3,481
3403,3,482
3404,4,483
3405,5,498
3406,5,507
3407,6,518
3408,6,531
3409,5,534
3410,5,539
3411,6,550
3412,5,562
3413,5,574
3414,6,581
3415,6,587
3416,7,604
3417,9,616
3418,9,638
3419,11,640
3420,12,647
3421,10,648
3422,11,652
3423,9,657
3424,9,676
3425,9,683
3426,11,690
3427,13,698
3428,14,718
3429,12,747
3430,12,751
3431,12,771
3432,12,786
3433,13,798
3434,14,811
3435,14,825
3436,12,845
3437,11,864
3438,11,867
3439,9,878
3440,9,877
3441,9,884
3442,9,885
3443,10,891
3444,10,901
3445,13,910
3446,13,916
3447,13,913
3448,14,929
3449,14,914
3450,14,910
3451,14,917
3452,14,911
3453,16,910
3454,17,907
3455,15,905
3456,14,924
3457,15,927
3458,15,935
3459,15,946
3460,13,954
3461,13,963
3462,16,992
3463,17,998
3464,14,1018
3465,15,1010
3466,15,997
3467,15,993
3468,15,990
3469,17,1002
3470,18,989
3471,16,997
3472,16,991
3473,16,981
3474,16,977
3475,16,974
3476,17,995
3477,18,991
3478,16,973
3479,16,972
3480,15,984
3481,16,996
3482,16,988
3483,16,999
3484,18,993
3485,17,995
3486,18,1005
3487,18,1007
3488,18,1002
3489,18,994
3490,18,997
3491,19,992
3492,21,981
3493,19,975
3494,20,976
3495,23,981
3496,24,989
3497,22,988
3498,21,997
3499,21,994
3500,20,991
3501,22,990
3502,20,983
3503,20,974
3504,18,966
3505,18,972
3506,18,966
3507,18,962
3508,18,965
3509,18,962
3510,20,967
3511,20,986
3512,18,1004
3513,18,981
3514,18,979
3515,19,969
3516,19,969
3517,20,969
3518,20,956
3519,22,955
3520,22,958
3521,23,972
3522,23,980
3523,24,977
3524,24,978
3525,26,983
3526,24,986
3527,26,966
3528,27,960
3529,29,973
3530,28,963
3531,24,945
3532,24,939
3533,25,928
3534,26,915
3535,27,912
3536,28,894
3537,29,895
3538,29,885
3539,33,881
3540,32,880
3541,36,897
3542,37,885
3543,31,886
3544,32,891
3545,32,886
3546,32,879
3547,34,877
3548,32,885
3549,33,888
3550,34,899
3551,30,920
3552,30,914
3553,32,910
3554,32,914
3555,32,923
3556,31,918
3557,32,919
3558,32,920
3559,34,905
3560,32,913
3561,31,917
3562,32,916
3563,31,900
3564,31,901
3565,32,896
3566,31,899
3567,32,903
3568,35,894
3569,35,881
3570,36,883
3571,37,905
3572,37,907
3573,37,909
3574,38,906
3575,39,902
3576,39,893
3577,41,881
3578,44,886
3579,45,872
3580,48,862
3581,48,861
3582,47,853
3583,47,838
3584,45,833
3585,47,839
3586,47,851
3587,50,849
3588,53,844
3589,58,842
3590,59,836
3591,59,828
3592,57,849
3593,59,847
3594,59,841
3595,60,837
3596,62,826
3597,62,834
3598,61,828
3599,66,833
3600,527,2068
3601,553,1935
3602,572,1852
3603,602,1785
3604,629,1681
3605,666,1578
3606,681,1489
3607,701,1371
3608,730,1253
3609,755,1156
3610,777,1013
3611,815,898
3612,840,833
3613,876,751
3614,915,671
3615,952,601
3616,985,551
3617,1010,509
3618,1044,466
3619,1089,409
3620,1147,360
3621,1191,334
3622,1227,295
3623,1268,264
3624,1302,237
3625,1320,218
3626,1342,202
3627,1374,171
3628,1401,154
3629,1421,144
3630,1436,134
3631,1451,119
3632,1466,112
3633,1507,104
3634,1510,97
3635,1499,86
3636,1478,82
3637,1442,76
3638,1445,73
3639,1456,66
3640,1444,58
3641,1396,53
3642,1351,45
3643,1315,44
3644,1294,39
3645,1271,38
3646,1281,40
3647,1263,40
3648,1222,34
3649,1189,34
3650,1158,37
3651,1142,38
3652,1112,35
3653,1089,33
3654,1038,33
3655,1023,32
3656,980,31
3657,955,32
3658,899,31
3659,879,27
3660,840,26
3661,794,26
3662,771,26
3663,759,27
3664,726,27
3665,704,25
3666,693,24
3667,665,22
3668,643,22
3669,613,21
3670,605,19
3671,573,20
3672,531,20
3673,515,22
3674,493,22
3675,465,24
3676,443,27
3677,426,25
3678,408,24
3679,398,22
3680,386,21
3681,373,20
3682,346,19
3683,303,19
3684,291,18
3685,268,18
3686,244,20
3687,237,20
3688,220,20
3689,192,20
3690,191,20
3691,177,20
3692,172,20
3693,164,22
3694,155,24
3695,139,25
3696,135,25
3697,132,26
3698,125,26
3699,130,26
3700,122,26
3701,115,27
3702,110,28
3703,104,28
3704,105,28
3705,95,31
3706,88,31
3707,78,31
3708,72,32
3709,65,34
3710,59,37
3711,52,38
3712,48,36
3713,48,38
3714,38,38
3715,33,39
3716,26,40
3717,25,42
3718,22,42
3719,21,44
3720,21,46
3721,22,45
3722,22,45
3723,22,47
3724,20,48
3725,20,48
3726,22,51
3727,24,53
3728,24,53
3729,26,60
3730,26,62
3731,20,66
3732,13,70
3733,12,72
3734,14,73
3735,13,74
3736,12,75
3737,10,77
3738,9,81
3739,9,85
3740,6,88
3741,5,92
3742,5,95
3743,5,99
3744,5,101
3745,5,107
3746,5,114
3747,5,115
3748,5,119
3749,5,121
3750,4,121
3751,4,125
3752,4,127
3753,4,134
3754,5,140
3755,6,145
3756,4,149
3757,2,151
3758,2,159
3759,2,165
3760,2,167
3761,2,168
3762,2,169
3763,1,172
3764,1,175
3765,1,185
3766,1,189
3767,1,193
3768,1,195
3769,1,196
3770,1,202
3771,1,204
3772,1,204
3773,1,205
3774,1,205
3775,1,209
3776,1,211
3777,2,216
3778,2,227
3779,0,228
3780,0,236
3781,0,235
3782,0,237
3783,0,242
3784,0,247
3785,0,255
3786,0,261
3787,0,267
3788,0,280
3789,0,283
3790,0,283
3791,0,290
3792,0,300
3793,0,311
3794,0,313
3795,0,322
3796,0,324
3797,0,332
3798,0,341
3799,0,347
3800,0,358
3801,0,364
3802,0,369
3803,0,380
3804,0,389
3805,0,386
3806,0,395
3807,0,404
3808,0,406
3809,0,415
3810,0,423
3811,0,429
3812,0,427
3813,0,438
3814,0,439
3815,0,441
3816,0,458
3817,0,472
3818,0,480
3819,0,503
3820,0,514
3821,0,519
3822,0,529
3823,0,533
3824,0,549
3825,0,563
3826,0,584
3827,0,592
3828,0,607
3829,0,626
3830,0,625
3831,0,626
3832,0,631
3833,0,636
3834,0,649
3835,0,665
3836,0,684
3837,0,690
3838,0,688
3839,0,699
3840,0,709
3841,0,708
3842,0,721
3843,0,715
3844,0,713
3845,0,701
3846,0,704
3847,0,708
3848,0,718
3849,0,724
3850,0,724
3851,0,734
3852,0,743
3853,0,743
3854,0,758
3855,0,775
3856,0,781
3857,0,793
3858,0,806
3859,0,823
3860,0,844
3861,0,846
3862,0,857
3863,0,855
3864,0,861
3865,0,876
3866,0,876
3867,0,895
3868,0,903
3869,0,900
3870,0,914
3871,0,897
3872,0,896
3873,0,903
3874,0,911
3875,0,913
3876,0,927
3877,0,931
3878,0,932
3879,0,934
3880,0,932
3881,0,929
3882,0,918
3883,0,919
3884,0,926
3885,0,944
3886,0,933
3887,0,936
3888,0,925
3889,0,924
3890,0,918
3891,0,932
3892,0,940
3893,0,944
3894,0,956
3895,0,969
3896,0,964
3897,0,957
3898,0,942
3899,0,946
3900,0,950
3901,0,946
3902,0,964
3903,0,961
3904,0,971
3905,0,961
3906,0,966
3907,0,978
3908,0,975
3909,0,979
3910,0,985
3911,0,973
3912,0,983
3913,0,970
3914,0,972
3915,0,959
3916,0,953
3917,0,959
3918,0,960
3919,0,961
3920,0,955
3921,0,957
3922,0,974
3923,0,985
3924,0,994
3925,0,996
3926,0,987
3927,0,990
3928,0,988
3929,0,985
3930,0,975
3931,0,1003
3932,0,1015
3933,0,991
3934,0,1000
3935,0,988
3936,0,980
3937,0,975
3938,0,975
3939,0,981
3940,0,976
3941,0,977
3942,0,968
3943,0,952
3944,0,952
3945,0,962
3946,0,967
3947,0,983
3948,0,986
3949,0,979
3950,0,961
3951,0,948
3952,0,939
3953,0,957
3954,0,954
3955,0,944
3956,0,934
3957,0,920
3958,0,922
3959,0,929
3960,0,934
3961,0,940
3962,0,946
3963,0,932
3964,0,917
3965,0,916
3966,0,920
3967,0,927
3968,0,917
3969,0,920
3970,0,906
3971,0,916
3972,0,933
3973,0,936
3974,0,935
3975,0,922
3976,0,922
3977,0,911
3978,0,902
3979,0,913
3980,0,917
3981,0,908
3982,0,906
3983,0,905
3984,0,890
3985,0,886
3986,0,886
3987,0,894
3988,0,898
3989,0,905
3990,0,907
3991,0,908
3992,0,910
3993,0,915
3994,0,917
3995,0,917
3996,0,911
3997,0,930
3998,0,939
3999,0,944
4000,516,2065
4001,537,1940
4002,560,1823
4003,583,1763
4004,605,1678
4005,637,1590
4006,669,1475
4007,704,1363
4008,732,1236
4009,773,1129
4010,808,1025
4011,837,934
4012,871,827
4013,910,754
4014,939,686
4015,980,597
4016,1015,534
4017,1049,476
4018,1075,422
4019,1111,369
4020,1150,335
4021,1189,311
4022,1213,300
4023,1236,277
4024,1275,254
4025,1298,229
4026,1308,208
4027,1324,185
4028,1334,170
4029,1342,154
4030,1353,141
4031,1358,127
4032,1354,115
4033,1368,106
4034,1384,96
4035,1403,92
4036,1403,82
4037,1395,77
4038,1359,72
4039,1373,70
4040,1371,66
4041,1381,63
4042,1410,56
4043,1399,50
4044,1363,45
4045,1348,43
4046,1322,39
4047,1300,37
4048,1282,33
4049,1260,28
4050,1252,25
4051,1219,23
4052,1185,23
4053,1150,21
4054,1140,21
4055,1106,17
4056,1083,15
4057,1058,14
4058,1037,12
4059,1004,12
4060,948,11
4061,907,11
4062,860,10
4063,821,9
4064,776,8
4065,753,8
4066,709,7
4067,649,7
4068,626,7
4069,606,7
4070,584,7
4071,568,7
4072,522,8
4073,479,9
4074,460,8
4075,423,7
4076,380,7
4077,352,6
4078,310,7
4079,278,7
4080,263,8
4081,256,8
4082,237,7
4083,223,6
4084,193,6
4085,180,6
4086,166,6
4087,152,6
4088,149,6
4089,132,6
4090,135,6
4091,121,6
4092,111,6
4093,103,6
4094,98,6
4095,97,6
4096,82,6
4097,70,6
4098,72,5
4099,68,5
4100,58,5
4101,54,5
4102,48,5
4103,46,6
4104,45,6
4105,41,6
4106,39,7
4107,37,7
4108,33,7
4109,25,7
4110,23,7
4111,21,8
4112,16,8
4113,17,8
4114,17,8
4115,17,9
4116,14,10
4117,12,10
4118,12,10
4119,10,10
4120,9,11
4121,9,12
4122,9,12
4123,7,13
4124,7,13
4125,6,13
4126,7,13
4127,5,13
4128,2,13
4129,3,13
4130,4,14
4131,4,14
4132,4,15
4133,4,16
4134,4,16
4135,4,17
4136,4,17
4137,5,18
4138,5,18
4139,6,19
4140,6,20
4141,6,20
4142,6,22
4143,5,24
4144,5,24
4145,5,25
4146,5,25
4147,3,26
4148,2,28
4149,2,30
4150,2,30
4151,2,32
4152,2,33
4153,2,34
4154,2,37
4155,2,38
4156,2,39
4157,0,43
4158,0,42
4159,0,43
4160,0,45
4161,0,47
4162,0,48
4163,0,52
4164,0,54
4165,0,55
4166,0,56
4167,0,56
4168,0,56
4169,0,60
4170,0,63
4171,0,62
4172,0,63
4173,0,66
4174,0,68
4175,0,69
4176,0,71
4177,0,76
4178,0,78
4179,0,82
4180,0,87
4181,0,89
4182,0,92
4183,0,100
4184,0,102
4185,0,107
4186,0,108
4187,0,109
4188,0,109
4189,0,111
4190,0,112
4191,0,115
4192,0,121
4193,0,124
4194,0,127
4195,0,127
4196,0,127
4197,0,130
4198,0,133
4199,0,138
4200,0,143
4201,0,147
4202,0,150
4203,0,154
4204,0,154
4205,0,156
4206,0,163
4207,0,166
4208,0,167
4209,0,177
4210,0,182
4211,0,186
4212,0,190
4213,0,197
4214,0,203
4215,0,208
4216,0,217
4217,0,215
4218,0,220
4219,0,223
4220,0,227
4221,0,228
4222,0,234
4223,0,241
4224,0,248
4225,0,253
4226,0,254
4227,0,260
4228,0,268
4229,0,275
4230,0,283
4231,0,290
4232,0,299
4233,0,307
4234,0,318
4235,0,316
4236,0,327
4237,0,329
4238,0,329
4239,0,335
4240,0,338
4241,0,343
4242,0,349
4243,0,360
4244,0,365
4245,0,365
4246,0,369
4247,0,371
4248,0,377
4249,0,370
4250,0,379
4251,0,384
4252,0,382
4253,0,390
4254,0,391
4255,0,387
4256,0,397
4257,0,408
4258,0,412
4259,0,417
4260,0,413
4261,0,418
4262,0,425
4263,0,427
4264,0,431
4265,0,442
4266,0,453
4267,0,454
4268,0,455
4269,0,457
4270,0,469
4271,0,472
4272,0,484
4273,0,488
4274,0,488
4275,0,492
4276,0,498
4277,0,506
4278,0,516
4279,0,535
4280,0,546
4281,0,560
4282,0,563
4283,0,567
4284,0,587
4285,0,598
4286,0,601
4287,0,611
4288,0,613
4289,0,621
4290,0,637
4291,0,640
4292,0,651
4293,0,650
4294,0,657
4295,0,649
4296,0,660
4297,0,656
4298,0,652
4299,0,646
4300,0,643
4301,0,655
4302,0,659
4303,0,665
4304,0,672
4305,0,669
4306,0,679
4307,0,697
4308,0,694
4309,0,693
4310,0,702
4311,0,699
4312,0,701
4313,0,698
4314,0,706
4315,0,718
4316,0,720
4317,0,720
4318,0,722
4319,0,723
4320,0,715
4321,0,732
4322,0,735
4323,0,735
4324,0,741
4325,0,748
4326,0,743
4327,0,747
4328,0,754
4329,0,765
4330,0,772
4331,0,770
4332,0,773
4333,0,777
4334,0,771
4335,0,760
4336,0,770
4337,0,786
4338,0,786
4339,0,791
4340,0,795
4341,0,806
4342,0,791
4343,0,798
4344,0,815
4345,0,819
4346,0,825
4347,0,831
4348,0,842
4349,0,859
4350,0,878
4351,0,883
4352,0,883
4353,0,882
4354,0,879
4355,0,882
4356,0,891
4357,0,901
4358,0,886
4359,0,871
4360,0,889
4361,0,903
4362,0,901
4363,0,896
4364,0,897
4365,0,922
4366,0,922
4367,0,934
4368,0,953
4369,0,954
4370,0,961
4371,0,950
4372,0,952
4373,0,941
4374,0,952
4375,0,969
4376,0,965
4377,0,975
4378,0,993
4379,0,995
4380,0,999
4381,0,1015
4382,0,1001
4383,0,989
4384,0,993
4385,0,1011
4386,0,996
4387,0,997
4388,0,1005
4389,0,995
4390,0,1011
4391,0,1024
4392,0,1032
4393,0,1040
4394,0,1041
4395,0,1025
4396,0,1041
4397,0,1036
4398,0,1033
4399,0,1034
4400,529,2065
4401,546,1936
4402,567,1846
4403,590,1764
4404,608,1692
4405,632,1605
4406,658,1503
4407,681,1395
4408,709,1302
4409,740,1179
4410,766,1064
4411,795,977
4412,827,874
4413,867,799
4414,902,712
4415,936,651
4416,978,584
4417,1021,509
4418,1053,448
4419,1081,395
4420,1114,349
4421,1138,315
4422,1168,287
4423,1213,267
4424,1250,233
4425,1274,208
4426,1305,189
4427,1338,170
4428,1354,155
4429,1368,139
4430,1394,128
4431,1423,121
4432,1434,110
4433,1472,97
4434,1484,84
4435,1502,81
4436,1497,80
4437,1490,79
4438,1452,74
4439,1438,71
4440,1421,67
4441,1401,64
4442,1364,60
4443,1364,50
4444,1354,44
4445,1307,39
4446,1295,38
4447,1269,35
4448,1245,34
4449,1208,37
4450,1174,32
4451,1152,26
4452,1117,26
4453,1083,25
4454,1067,23
4455,1042,23
4456,1012,20
4457,996,18
4458,969,18
4459,958,18
4460,903,16
4461,868,16
4462,833,16
4463,807,16
4464,768,14
4465,737,12
4466,697,12
4467,662,11
4468,631,11
4469,612,10
4470,597,11
4471,569,11
4472,536,11
4473,521,11
4474,499,11
4475,471,9
4476,442,8
4477,417,8
4478,402,8
4479,367,8
4480,350,8
4481,320,8
4482,291,8
4483,265,8
4484,242,8
4485,223,8
4486,213,8
4487,206,8
4488,208,8
4489,190,8
4490,170,8
4491,167,8
4492,152,8
4493,140,8
4494,126,8
4495,106,8
4496,95,9
4497,78,9
4498,68,9
4499,66,9
4500,61,9
4501,61,9
4502,56,9
4503,45,9
4504,39,10
4505,40,10
4506,39,12
4507,33,12
4508,26,12
4509,23,13
4510,22,13
4511,23,13
4512,20,14
4513,22,14
4514,21,15
4515,21,15
4516,21,15
4517,18,15
4518,15,15
4519,10,15
4520,10,16
4521,7,17
4522,6,17
4523,6,18
4524,4,20
4525,3,20
4526,3,21
4527,3,22
4528,3,22
4529,3,22
4530,0,23
4531,0,23
4532,0,24
4533,0,24
4534,0,24
4535,0,25
4536,0,26
4537,0,29
4538,0,31
4539,0,33
4540,0,34
4541,0,36
4542,0,38
4543,0,39
4544,0,41
4545,0,46
4546,0,48
4547,0,49
4548,0,49
4549,0,53
4550,0,56
4551,0,58
4552,0,61
4553,0,64
4554,0,68
4555,0,70
4556,0,72
4557,0,71
4558,0,73
4559,0,75
4560,0,78
4561,0,80
4562,0,83
4563,0,82
4564,0,85
4565,0,88
4566,0,95
4567,0,100
4568,0,101
4569,0,106
4570,0,113
4571,0,114
4572,0,120
4573,0,123
4574,0,124
4575,0,129
4576,0,134
4577,0,137
4578,0,142
4579,0,148
4580,0,151
4581,0,155
4582,0,156
4583,0,159
4584,0,163
4585,0,170
4586,0,176
4587,0,186
4588,0,194
4589,0,204
4590,0,204
4591,0,210
4592,0,217
4593,0,220
4594,0,227
4595,0,232
4596,0,237
4597,0,242
4598,0,245
4599,0,248
4600,0,252
4601,0,260
4602,0,260
4603,0,262
4604,0,263
4605,0,268
4606,0,263
4607,0,269
4608,0,273
4609,0,277
4610,0,291
4611,0,290
4612,0,290
4613,0,302
4614,0,308
4615,0,322
4616,0,324
4617,0,331
4618,0,338
4619,0,341
4620,0,339
4621,0,348
4622,0,359
4623,0,357
4624,0,360
4625,0,369
4626,0,383
4627,0,384
4628,0,388
4629,0,392
4630,0,399
4631,0,406
4632,0,413
4633,0,413
4634,0,414
4635,0,429
4636,0,441
4637,0,449
4638,0,456
4639,0,475
4640,0,482
4641,0,495
4642,0,506
4643,0,507
4644,0,517
4645,0,528
4646,0,532
4647,0,541
4648,0,558
4649,0,573
4650,0,579
4651,0,576
4652,0,583
4653,0,592
4654,0,591
4655,0,602
4656,0,617
4657,0,633
4658,0,643
4659,0,652
4660,0,661
4661,0,666
4662,0,669
4663,0,678
4664,0,698
4665,0,710
4666,0,724
4667,0,741
4668,0,761
4669,0,761
4670,0,767
4671,0,781
4672,0,796
4673,0,810
4674,0,811
4675,0,808
4676,0,802
4677,0,809
4678,0,821
4679,0,830
4680,0,837
4681,0,848
4682,0,850
4683,0,858
4684,0,861
4685,0,867
4686,0,867
4687,0,862
4688,0,871
4689,0,884
4690,0,888
4691,0,895
4692,0,915
4693,0,905
4694,0,910
4695,0,910
4696,0,913
4697,0,929
4698,0,915
4699,0,904
4700,0,910
4701,0,914
4702,0,913
4703,0,921
4704,0,931
4705,0,935
4706,0,941
4707,0,956
4708,0,968
4709,0,971
4710,0,974
4711,0,987
4712,0,995
4713,0,989
4714,0,1001
4715,0,1005
4716,0,1011
4717,0,1018
4718,0,1024
4719,0,1030
4720,0,1025
4721,0,1024
4722,0,1011
4723,0,1006
4724,0,998
4725,0,1013
4726,0,1012
4727,0,1008
4728,0,1019
4729,0,1020
4730,0,1022
4731,0,1011
4732,0,1022
4733,0,1020
4734,0,1031
4735,0,1039
4736,0,1043
4737,0,1037
4738,0,1030
4739,0,1014
4740,0,1005
4741,0,1017
4742,0,1024
4743,0,1017
4744,0,1003
4745,0,993
4746,0,982
4747,0,976
4748,0,972
4749,0,974
4750,0,964
4751,0,964
4752,0,956
4753,0,951
4754,0,954
4755,0,963
4756,0,966
4757,0,980
4758,0,975
4759,0,980
4760,0,974
4761,0,968
4762,0,984
4763,0,989
4764,0,979
4765,0,978
4766,0,984
4767,0,985
4768,0,974
4769,0,977
4770,0,984
4771,0,984
4772,0,982
4773,0,986
4774,0,988
4775,0,988
4776,0,997
4777,0,1003
4778,0,1003
4779,0,994
4780,0,972
4781,0,973
4782,0,975
4783,0,969
4784,0,979
4785,0,982
4786,0,970
4787,0,966
4788,0,989
4789,0,982
4790,0,963
4791,0,961
4792,0,956
4793,0,941
4794,0,937
4795,0,938
4796,0,940
4797,0,919
4798,0,928
4799,0,944
4800,525,2054
4801,547,1893
4802,566,1811
4803,591,1739
4804,608,1679
4805,633,1586
4806,659,1477
4807,679,1353
4808,694,1241
4809,722,1127
4810,745,1030
4811,784,943
4812,814,859
4813,838,778
4814,877,693
4815,895,614
4816,920,544
4817,955,463
4818,989,416
4819,1030,377
4820,1074,335
4821,1098,296
4822,1115,258
4823,1139,229
4824,1171,203
4825,1203,187
4826,1238,171
4827,1246,156
4828,1275,144
4829,1303,136
4830,1319,123
4831,1347,113
4832,1381,109
4833,1391,101
4834,1400,94
4835,1411,84
4836,1407,77
4837,1399,77
4838,1368,76
4839,1353,75
4840,1357,72
4841,1357,70
4842,1359,69
4843,1331,72
4844,1314,69
4845,1279,71
4846,1270,66
4847,1246,63
4848,1205,59
4849,1163,57
4850,1141,55
4851,1115,51
4852,1076,48
4853,1077,44
4854,1041,44
4855,1005,42
4856,965,40
4857,922,41
4858,897,41
4859,871,38
4860,848,35
4861,818,32
4862,783,32
4863,742,30
4864,708,29
4865,691,26
4866,673,25
4867,632,24
4868,596,25
4869,568,24
4870,557,22
4871,524,21
4872,504,22
4873,491,23
4874,468,23
4875,447,23
4876,432,22
4877,403,23
4878,392,24
4879,379,22
4880,365,23
4881,358,25
4882,339,25
4883,331,25
4884,310,26
4885,289,27
4886,280,31
4887,254,31
4888,236,32
4889,232,32
4890,222,33
4891,205,34
4892,205,34
4893,194,34
4894,184,33
4895,174,34
4896,159,34
4897,151,36
4898,139,37
4899,129,36
4900,119,37
4901,99,37
4902,88,37
4903,81,37
4904,78,36
4905,74,36
4906,74,36
4907,70,38
4908,65,38
4909,62,40
4910,56,47
4911,51,49
4912,46,51
4913,47,52
4914,46,54
4915,46,58
4916,45,60
4917,44,60
4918,37,62
4919,35,63
4920,34,65
4921,29,69
4922,27,72
4923,32,72
4924,31,72
4925,28,76
4926,22,78
4927,20,82
4928,20,86
4929,18,87
4930,18,90
4931,17,94
4932,17,97
4933,18,102
4934,16,103
4935,16,104
4936,15,107
4937,13,109
4938,8,110
4939,9,112
4940,9,111
4941,11,113
4942,11,116
4943,12,121
4944,12,123
4945,10,128
4946,10,135
4947,10,136
4948,8,132
4949,8,139
4950,7,143
4951,8,145
4952,7,145
4953,6,150
4954,5,153
4955,5,159
4956,5,158
4957,3,162
4958,3,158
4959,3,162
4960,3,167
4961,3,172
4962,2,177
4963,2,182
4964,2,189
4965,2,192
4966,2,194
4967,2,201
4968,2,206
4969,2,215
4970,2,217
4971,3,216
4972,3,222
4973,3,224
4974,3,223
4975,3,224
4976,4,232
4977,4,238
4978,5,243
4979,5,251
4980,5,264
4981,5,273
4982,5,282
4983,5,287
4984,5,285
4985,5,299
4986,6,305
4987,6,310
4988,4,312
4989,5,302
4990,6,302
4991,6,304
4992,8,309
4993,9,314
4994,12,312
4995,14,317
4996,15,324
4997,15,336
4998,16,339
4999,18,339
5000,19,342
5001,14,353
5002,14,359
5003,13,367
5004,13,375
5005,10,377
5006,12,387
5007,12,394
5008,11,395
5009,10,412
5010,10,427
5011,10,438
5012,11,451
5013,10,454
5014,11,452
5015,11,463
5016,11,469
5017,11,482
5018,11,500
5019,11,505
5020,10,507
5021,10,516
5022,10,534
5023,8,534
5024,9,542
5025,9,547
5026,9,552
5027,10,561
5028,8,567
5029,8,559
5030,6,572
5031,6,576
5032,6,593
5033,6,599
5034,6,595
5035,6,597
5036,9,603
5037,10,598
5038,10,596
5039,10,600
5040,11,596
5041,11,597
5042,11,594
5043,11,613
5044,12,611
5045,13,619
5046,14,622
5047,13,622
5048,14,633
5049,15,641
5050,17,644
5051,19,662
5052,14,649
5053,13,639
5054,14,657
5055,15,665
5056,15,666
5057,15,673
5058,16,686
5059,11,686
5060,11,677
5061,10,679
5062,12,693
5063,13,693
5064,14,708
5065,12,720
5066,13,718
5067,13,717
5068,11,723
5069,12,740
5070,13,750
5071,14,762
5072,14,759
5073,17,771
5074,17,790
5075,17,794
5076,16,791
5077,18,798
5078,14,786
5079,11,767
5080,12,763
5081,12,787
5082,12,791
5083,12,795
5084,15,795
5085,17,807
5086,16,800
5087,18,812
5088,20,827
5089,21,834
5090,20,857
5091,20,858
5092,20,842
5093,22,845
5094,20,848
5095,21,852
5096,22,860
5097,20,858
5098,21,859
5099,24,847
5100,24,851
5101,20,852
5102,21,856
5103,22,839
5104,22,844
5105,23,843
5106,24,854
5107,24,858
5108,25,872
5109,21,880
5110,22,888
5111,22,905
5112,19,913
5113,19,909
5114,18,903
5115,16,899
5116,17,908
5117,17,918
5118,18,919
5119,19,913
5120,20,908
5121,21,918
5122,23,922
5123,26,909
5124,28,901
5125,30,899
5126,29,906
5127,27,913
5128,25,900
5129,26,892
5130,28,886
5131,27,886
5132,30,904
5133,31,902
5134,30,922
5135,30,929
5136,29,939
5137,27,945
5138,27,937
5139,26,922
5140,26,931
5141,28,926
5142,29,926
5143,31,929
5144,28,924
5145,27,924
5146,28,937
5147,30,945
5148,33,946
5149,34,937
5150,35,943
5151,33,931
5152,32,931
5153,31,931
5154,29,953
5155,30,951
5156,32,958
5157,29,956
5158,31,942
5159,32,944
5160,30,941
5161,33,943
5162,36,936
5163,34,943
5164,35,942
5165,35,956
5166,37,947
5167,41,945
5168,41,939
5169,42,922
5170,45,897
5171,46,895
5172,48,889
5173,47,900
5174,46,891
5175,45,893
5176,45,894
5177,44,901
5178,43,891
5179,45,877
5180,48,866
5181,52,866
5182,53,854
5183,57,859
5184,56,864
5185,55,865
5186,57,862
5187,54,853
5188,53,850
5189,47,857
5190,45,869
5191,45,868
5192,46,870
5193,43,871
5194,44,867
5195,44,852
5196,42,853
5197,46,863
5198,49,868
5199,49,872
5200,529,2082
5201,547,1954
5202,562,1850
5203,574,1763
5204,599,1665
5205,632,1557
5206,666,1437
5207,695,1298
5208,720,1180
5209,747,1055
5210,796,963
5211,818,868
5212,852,800
5213,895,733
5214,932,665
5215,977,586
5216,1004,520
5217,1049,484
5218,1085,443
5219,1123,404
5220,1146,352
5221,1180,321
5222,1192,280
5223,1217,241
5224,1246,212
5225,1255,187
5226,1264,168
5227,1279,150
5228,1298,140
5229,1316,119
5230,1334,107
5231,1351,102
5232,1343,91
5233,1358,89
5234,1351,86
5235,1359,83
5236,1382,79
5237,1392,73
5238,1397,63
5239,1399,55
5240,1398,50
5241,1418,46
5242,1423,42
5243,1406,41
5244,1366,42
5245,1348,40
5246,1325,36
5247,1313,33
5248,1288,33
5249,1233,33
5250,1203,30
5251,1195,29
5252,1164,29
5253,1114,27
5254,1070,29
5255,1023,33
5256,1002,31
5257,975,31
5258,935,33
5259,922,33
5260,889,36
5261,853,36
5262,787,37
5263,738,36
5264,696,39
5265,625,36
5266,582,35
5267,563,34
5268,541,36
5269,520,37
5270,497,36
5271,484,36
5272,466,35
5273,441,34
5274,432,35
5275,412,37
5276,399,38
5277,388,39
5278,363,37
5279,345,38
5280,327,37
5281,309,37
5282,300,37
5283,273,37
5284,262,38
5285,241,41
5286,223,42
5287,230,43
5288,217,45
5289,209,46
5290,198,50
5291,182,51
5292,171,45
5293,159,43
5294,148,45
5295,147,41
5296,152,43
5297,149,42
5298,136,40
5299,130,42
5300,119,43
5301,110,44
5302,97,45
5303,90,46
5304,91,46
5305,85,46
5306,85,49
5307,77,49
5308,80,50
5309,82,48
5310,69,48
5311,65,48
5312,64,49
5313,54,49
5314,47,49
5315,44,49
5316,43,52
5317,38,56
5318,39,59
5319,39,61
5320,41,61
5321,41,62
5322,40,61
5323,41,62
5324,44,63
5325,44,66
5326,47,66
5327,46,65
5328,50,65
5329,44,66
5330,45,67
5331,45,66
5332,44,67
5333,35,70
5334,33,72
5335,33,73
5336,35,78
5337,35,77
5338,34,78
5339,37,81
5340,35,85
5341,34,88
5342,35,95
5343,33,98
5344,36,102
5345,37,107
5346,34,111
5347,31,113
5348,32,114
5349,27,116
5350,26,119
5351,28,127
5352,29,127
5353,30,132
5354,30,132
5355,32,137
5356,32,138
5357,33,143
5358,33,143
5359,31,146
5360,26,153
5361,19,159
5362,19,166
5363,19,172
5364,18,174
5365,19,178
5366,20,182
5367,18,186
5368,18,194
5369,20,200
5370,19,207
5371,18,209
5372,17,215
5373,17,224
5374,18,232
5375,18,241
5376,19,244
5377,19,246
5378,20,248
5379,20,250
5380,21,259
5381,21,265
5382,25,269
5383,23,282
5384,22,289
5385,26,296
5386,25,302
5387,25,303
5388,25,304
5389,25,309
5390,25,320
5391,27,324
5392,29,326
5393,30,332
5394,29,340
5395,25,348
5396,26,360
5397,26,371
5398,26,370
5399,27,385
5400,25,397
5401,26,403
5402,28,413
5403,26,416
5404,30,414
5405,31,421
5406,33,418
5407,34,417
5408,30,429
5409,32,439
5410,33,442
5411,36,445
5412,36,462
5413,36,468
5414,37,468
5415,38,477
5416,33,480
5417,31,501
5418,31,510
5419,32,522
5420,31,531
5421,29,533
5422,29,533
5423,28,538
5424,28,556
5425,32,568
5426,32,564
5427,33,567
5428,33,566
5429,35,573
5430,38,589
5431,38,594
5432,37,597
5433,39,601
5434,39,617
5435,40,614
5436,41,625
5437,40,630
5438,39,641
5439,46,644
5440,47,634
5441,47,634
5442,48,640
5443,47,650
5444,49,653
5445,50,656
5446,51,656
5447,50,665
5448,44,672
5449,45,662
5450,45,661
5451,46,671
5452,48,675
5453,50,670
5454,49,692
5455,53,698
5456,54,693
5457,56,693
5458,59,691
5459,63,693
5460,66,699
5461,68,716
5462,64,710
5463,64,701
5464,69,721
5465,73,724
5466,74,729
5467,76,724
5468,76,730
5469,80,735
5470,83,751
5471,89,746
5472,92,756
5473,83,753
5474,85,755
5475,86,760
5476,88,751
5477,90,752
5478,94,748
5479,92,748
5480,95,765
5481,95,774
5482,96,780
5483,97,789
5484,100,799
5485,104,800
5486,107,803
5487,108,798
5488,106,794
5489,101,794
5490,103,783
5491,100,790
5492,99,803
5493,105,807
5494,107,798
5495,115,803
5496,120,817
5497,119,828
5498,113,834
5499,114,831
5500,113,826
5501,113,820
5502,114,808
5503,119,801
5504,119,812
5505,119,807
5506,125,802
5507,131,813
5508,130,814
5509,133,805
5510,123,819
5511,123,815
5512,127,810
5513,124,819
5514,124,803
5515,127,789
5516,128,788
5517,125,779
5518,127,799
5519,127,812
5520,123,806
5521,128,805
5522,131,807
5523,134,820
5524,132,809
5525,131,823
5526,131,806
5527,135,812
5528,133,816
5529,135,824
5530,132,811
5531,135,826
5532,133,826
5533,131,823
5534,142,818
5535,144,830
5536,140,836
5537,136,829
5538,139,820
5539,137,815
5540,139,811
5541,134,811
5542,140,797
5543,130,801
5544,126,816
5545,127,801
5546,126,790
5547,131,790
5548,136,776
5549,134,768
5550,129,762
5551,129,766
5552,127,747
5553,128,755
5554,125,734
5555,121,726
5556,123,734
5557,131,726
5558,137,735
5559,136,739
5560,143,727
5561,150,718
5562,147,723
5563,147,725
5564,148,713
5565,149,720
5566,149,725
5567,148,735
5568,144,733
5569,141,732
5570,140,733
5571,141,738
5572,141,737
5573,146,747
5574,146,737
5575,151,740
5576,152,725
5577,152,721
5578,154,727
5579,155,719
5580,156,719
5581,163,712
5582,172,702
5583,178,688
5584,183,677
5585,190,676
5586,182,675
5587,174,677
5588,177,677
5589,177,676
5590,180,661
5591,186,661
5592,187,647
5593,190,657
5594,191,663
5595,196,664
5596,197,668
5597,202,676
5598,203,680
5599,207,685
5600,526,2081
5601,552,1940
5602,567,1872
5603,579,1783
5604,602,1692
5605,637,1569
5606,654,1450
5607,678,1328
5608,702,1250
5609,743,1154
5610,774,1048
5611,811,955
5612,845,855
5613,891,764
5614,923,686
5615,940,597
5616,962,527
5617,997,477
5618,1025,428
5619,1052,389
5620,1071,357
5621,1106,322
5622,1133,287
5623,1165,260
5624,1197,241
5625,1232,224
5626,1271,212
5627,1300,187
5628,1327,166
5629,1368,153
5630,1407,144
5631,1449,136
5632,1495,137
5633,1511,125
5634,1517,115
5635,1515,100
5636,1523,100
5637,1513,87
5638,1509,80
5639,1482,79
5640,1484,72
5641,1457,66
5642,1430,69
5643,1406,66
5644,1379,60
5645,1349,57
5646,1320,58
5647,1285,56
5648,1253,49
5649,1206,49
5650,1176,49
5651,1165,45
5652,1131,43
5653,1103,41
5654,1084,42
5655,1072,38
5656,1047,37
5657,997,37
5658,968,34
5659,925,33
5660,862,33
5661,825,32
5662,797,31
5663,765,33
5664,738,33
5665,719,32
5666,682,33
5667,654,33
5668,621,29
5669,581,30
5670,553,29
5671,519,28
5672,494,29
5673,485,29
5674,455,28
5675,448,29
5676,421,30
5677,400,29
5678,372,30
5679,369,30
5680,351,31
5681,333,32
5682,312,32
5683,299,31
5684,282,31
5685,261,30
5686,243,31
5687,228,31
5688,200,32
5689,185,30
5690,174,31
5691,169,32
5692,152,32
5693,137,36
5694,132,36
5695,120,36
5696,100,35
5697,97,35
5698,90,37
5699,93,41
5700,93,41
5701,88,43
5702,90,44
5703,87,46
5704,74,45
5705,71,47
5706,66,49
5707,60,48
5708,56,51
5709,57,52
5710,57,55
5711,51,56
5712,44,58
5713,45,61
5714,43,63
5715,45,64
5716,42,66
5717,40,67
5718,39,68
5719,38,70
5720,32,70
5721,30,72
5722,30,75
5723,31,79
5724,23,81
5725,22,83
5726,22,85
5727,16,89
5728,16,91
5729,17,96
5730,14,98
5731,12,104
5732,13,108
5733,16,108
5734,17,110
5735,14,117
5736,15,121
5737,15,122
5738,14,128
5739,12,131
5740,13,130
5741,13,135
5742,11,141
5743,11,146
5744,11,150
5745,10,159
5746,10,163
5747,11,165
5748,12,169
5749,12,175
5750,15,179
5751,17,177
5752,17,178
5753,17,184
5754,19,189
5755,19,197
5756,19,202
5757,20,200
5758,19,195
5759,21,197
5760,20,203
5761,20,211
5762,21,217
5763,21,219
5764,21,227
5765,21,228
5766,25,229
5767,25,233
5768,26,238
5769,24,245
5770,23,247
5771,25,250
5772,25,253
5773,26,263
5774,26,275
5775,26,280
5776,23,289
5777,21,297
5778,21,299
5779,22,312
5780,22,309
5781,22,314
5782,24,328
5783,26,338
5784,29,352
5785,30,363
5786,28,369
5787,26,375
5788,27,387
5789,26,397
5790,25,395
5791,22,399
5792,23,402
5793,22,406
5794,24,404
5795,26,418
5796,27,420
5797,29,422
5798,29,439
5799,30,445
5800,31,455
5801,34,461
5802,34,478
5803,34,494
5804,34,502
5805,35,512
5806,35,523
5807,34,532
5808,34,553
5809,28,560
5810,28,563
5811,29,568
5812,31,573
5813,34,581
5814,35,599
5815,33,618
5816,32,630
5817,33,639
5818,33,648
5819,36,652
5820,35,658
5821,34,655
5822,38,672
5823,40,672
5824,42,675
5825,43,674
5826,42,678
5827,46,700
5828,45,698
5829,44,700
5830,44,712
5831,41,711
5832,41,706
5833,40,721
5834,39,738
5835,39,735
5836,42,746
5837,42,758
5838,41,764
5839,40,767
5840,40,774
5841,39,782
5842,41,794
5843,40,810
5844,42,826
5845,43,832
5846,41,851
5847,42,867
5848,41,859
5849,42,854
5850,41,860
5851,44,865
5852,47,864
5853,49,870
5854,48,877
5855,47,879
5856,50,872
5857,53,877
5858,55,867
5859,59,873
5860,56,876
5861,55,867
5862,56,869
5863,55,889
5864,52,902
5865,54,898
5866,55,903
5867,55,902
5868,57,900
5869,57,895
5870,57,911
5871,61,904
5872,62,898
5873,62,886
5874,65,894
5875,64,895
5876,65,889
5877,68,892
5878,64,904
5879,64,917
5880,64,910
5881,63,896
5882,64,893
5883,58,896
5884,59,916
5885,60,929
5886,62,931
5887,71,940
5888,72,935
5889,81,935
5890,81,929
5891,78,933
5892,75,932
5893,73,943
5894,73,932
5895,70,906
5896,70,909
5897,70,912
5898,75,903
5899,81,906
5900,84,911
5901,86,916
5902,84,908
5903,79,916
5904,79,915
5905,81,911
5906,77,906
5907,76,911
5908,73,908
5909,74,896
5910,76,883
5911,76,868
5912,72,856
5913,72,862
5914,70,857
5915,70,853
5916,65,845
5917,68,851
5918,66,853
5919,63,852
5920,66,852
5921,67,849
5922,71,845
5923,69,838
5924,72,846
5925,73,850
5926,73,854
5927,70,853
5928,74,857
5929,77,852
5930,73,857
5931,75,861
5932,77,856
5933,77,855
5934,80,842
5935,81,835
5936,78,842
5937,77,839
5938,78,835
5939,78,842
5940,76,855
5941,82,849
5942,87,862
5943,86,853
5944,89,848
5945,96,838
5946,100,850
5947,99,851
5948,102,848
5949,105,828
5950,110,814
5951,115,821
5952,117,819
5953,118,815
5954,120,823
5955,120,813
5956,119,801
5957,120,796
5958,119,798
5959,123,812
5960,124,796
5961,123,795
5962,126,801
5963,130,789
5964,132,784
5965,141,785
5966,149,787
5967,153,785
5968,153,790
5969,158,781
5970,162,764
5971,152,754
5972,152,749
5973,155,739
5974,156,730
5975,155,728
5976,163,729
5977,167,728
5978,170,727
5979,177,736
5980,185,733
5981,186,734
5982,189,736
5983,189,742
5984,194,732
5985,197,732
5986,197,718
5987,202,711
5988,200,708
5989,197,710
5990,208,714
5991,214,710
5992,215,716
5993,213,724
5994,212,707
5995,215,699
5996,225,692
5997,232,706
5998,227,697
5999,224,699
6000,521,2072
6001,542,1923
6002,571,1814
6003,588,1710
6004,620,1638
6005,642,1524
6006,661,1440
6007,679,1339
6008,706,1258
6009,724,1168
6010,752,1054
6011,781,950
6012,817,872
6013,857,785
6014,897,688
6015,935,633
6016,972,563
6017,1009,518
6018,1046,469
6019,1074,413
6020,1111,376
6021,1137,343
6022,1185,303
6023,1227,260
6024,1259,236
6025,1301,213
6026,1329,195
6027,1358,174
6028,1385,159
6029,1447,135
6030,1478,124
6031,1498,111
6032,1512,99
6033,1524,93
6034,1503,84
6035,1494,73
6036,1493,67
6037,1476,59
6038,1482,51
6039,1484,44
6040,1439,40
6041,1400,37
6042,1389,35
6043,1385,34
6044,1339,33
6045,1274,26
6046,1236,24
6047,1206,24
6048,1180,23
6049,1163,24
6050,1122,23
6051,1088,23
6052,1056,23
6053,1047,23
6054,1023,24
6055,993,23
6056,967,24
6057,928,22
6058,909,22
6059,893,22
6060,861,21
6061,833,19
6062,791,18
6063,753,19
6064,746,18
6065,716,19
6066,668,20
6067,643,21
6068,592,21
6069,582,21
6070,553,19
6071,518,20
6072,482,21
6073,471,22
6074,459,22
6075,447,23
6076,416,24
6077,384,25
6078,363,26
6079,346,27
6080,324,26
6081,321,26
6082,304,27
6083,273,27
6084,279,29
6085,254,30
6086,226,30
6087,208,30
6088,196,31
6089,170,31
6090,160,31
6091,147,35
6092,145,40
6093,135,40
6094,116,38
6095,109,40
6096,102,40
6097,97,42
6098,94,44
6099,92,46
6100,89,46
6101,86,47
6102,77,49
6103,68,49
6104,61,51
6105,52,53
6106,47,51
6107,46,52
6108,44,53
6109,44,53
6110,42,53
6111,41,56
6112,40,60
6113,42,60
6114,40,61
6115,43,63
6116,40,65
6117,41,64
6118,39,66
6119,36,70
6120,34,73
6121,34,75
6122,30,74
6123,30,77
6124,28,85
6125,28,88
6126,28,89
6127,27,91
6128,27,92
6129,26,95
6130,23,99
6131,21,100
6132,21,105
6133,20,108
6134,20,106
6135,20,105
6136,22,107
6137,21,109
6138,22,118
6139,23,121
6140,21,124
6141,24,129
6142,24,133
6143,24,135
6144,25,136
6145,21,137
6146,18,136
6147,19,141
6148,20,145
6149,20,149
6150,24,156
6151,20,160
6152,20,162
6153,18,171
6154,16,171
6155,17,175
6156,17,182
6157,16,186
6158,16,191
6159,15,198
6160,11,211
6161,9,215
6162,9,220
6163,9,230
6164,11,238
6165,11,247
6166,11,260
6167,9,265
6168,9,274
6169,11,279
6170,11,289
6171,11,295
6172,11,304
6173,10,319
6174,11,322
6175,11,327
6176,11,337
6177,12,344
6178,11,349
6179,13,355
6180,13,357
6181,12,366
6182,11,374
6183,10,382
6184,9,396
6185,9,406
6186,7,410
6187,7,402
6188,7,402
6189,7,409
6190,7,416
6191,5,418
6192,5,427
6193,5,427
6194,5,432
6195,5,444
6196,4,459
6197,4,472
6198,3,484
6199,3,492
6200,3,502
6201,3,510
6202,3,508
6203,3,514
6204,3,530
6205,3,551
6206,3,570
6207,3,589
6208,2,600
6209,2,618
6210,2,617
6211,3,625
6212,3,632
6213,3,629
6214,3,640
6215,3,646
6216,3,656
6217,4,670
6218,4,682
6219,4,699
6220,4,717
6221,4,724
6222,5,734
6223,5,740
6224,5,751
6225,5,761
6226,5,763
6227,5,767
6228,5,783
6229,5,778
6230,5,798
6231,5,809
6232,5,813
6233,4,807
6234,4,809
6235,5,821
6236,5,833
6237,5,836
6238,5,853
6239,5,865
6240,6,841
6241,7,853
6242,7,863
6243,7,874
6244,7,870
6245,7,877
6246,7,886
6247,7,890
6248,7,891
6249,8,902
6250,9,896
6251,11,917
6252,11,920
6253,11,919
6254,12,916
6255,13,905
6256,13,904
6257,14,899
6258,13,898
6259,13,894
6260,14,883
6261,14,891
6262,14,895
6263,14,894
6264,14,894
6265,15,907
6266,15,913
6267,15,913
6268,16,903
6269,16,913
6270,17,909
6271,18,907
6272,19,915
6273,20,898
6274,19,916
6275,20,912
6276,20,910
6277,20,914
6278,20,918
6279,22,914
6280,22,931
6281,24,956
6282,26,961
6283,27,962
6284,27,954
6285,29,966
6286,28,973
6287,30,969
6288,32,969
6289,33,967
6290,34,959
6291,34,954
6292,34,951
6293,33,947
6294,33,951
6295,34,939
6296,36,942
6297,37,946
6298,42,945
6299,42,943
6300,40,944
6301,39,936
6302,44,943
6303,46,935
6304,47,932
6305,48,930
6306,48,930
6307,46,923
6308,48,919
6309,50,914
6310,50,913
6311,52,904
6312,52,914
6313,53,907
6314,51,896
6315,52,892
6316,52,875
6317,54,867
6318,53,865
6319,53,863
6320,54,857
6321,56,847
6322,58,851
6323,60,858
6324,62,863
6325,64,865
6326,67,841
6327,64,825
6328,63,827
6329,65,822
6330,70,823
6331,72,821
6332,72,792
6333,72,801
6334,68,803
6335,73,811
6336,72,811
6337,77,811
6338,77,811
6339,79,805
6340,75,803
6341,76,803
6342,83,806
6343,86,808
6344,96,818
6345,101,831
6346,102,842
6347,104,848
6348,100,838
6349,99,835
6350,101,838
6351,105,845
6352,99,845
6353,90,856
6354,93,851
6355,93,851
6356,95,830
6357,97,834
6358,98,826
6359,98,820
6360,96,824
6361,98,815
6362,98,824
6363,100,834
6364,102,840
6365,109,835
6366,110,817
6367,108,831
6368,105,841
6369,109,853
6370,109,850
6371,110,856
6372,107,843
6373,112,843
6374,116,841
6375,108,845
6376,109,842
6377,111,837
6378,111,836
6379,112,812
6380,111,818
6381,111,814
6382,111,809
6383,110,817
6384,109,804
6385,109,803
6386,114,802
6387,114,806
6388,114,812
6389,113,815
6390,117,828
6391,116,831
6392,122,816
6393,117,806
6394,119,806
6395,120,802
6396,128,810
6397,131,806
6398,141,801
6399,144,782
6400,537,2056
6401,556,1900
6402,576,1826
6403,598,1754
6404,613,1678
6405,646,1572
6406,673,1491
6407,698,1382
6408,729,1283
6409,756,1173
6410,784,1074
6411,822,988
6412,861,888
6413,889,818
6414,929,744
6415,971,669
6416,1004,582
6417,1035,521
6418,1064,466
6419,1095,426
6420,1126,376
6421,1158,334
6422,1183,294
6423,1216,256
6424,1251,231
6425,1278,198
6426,1288,180
6427,1329,162
6428,1357,148
6429,1379,132
6430,1391,121
6431,1404,103
6432,1402,94
6433,1403,88
6434,1404,83
6435,1415,75
6436,1443,72
6437,1445,68
6438,1423,62
6439,1411,57
6440,1415,58
6441,1401,53
6442,1385,55
6443,1365,54
6444,1337,51
6445,1328,44
6446,1305,44
6447,1281,44
6448,1283,43
6449,1269,39
6450,1229,35
6451,1185,32
6452,1153,27
6453,1145,26
6454,1109,26
6455,1074,26
6456,998,23
6457,956,21
6458,924,23
6459,893,22
6460,866,20
6461,819,20
6462,807,17
6463,775,15
6464,747,14
6465,713,14
6466,677,15
6467,641,14
6468,612,16
6469,553,16
6470,532,17
6471,515,18
6472,496,17
6473,488,17
6474,451,17
6475,425,15
6476,405,14
6477,379,14
6478,368,15
6479,360,16
6480,349,15
6481,342,14
6482,327,15
6483,313,14
6484,289,13
6485,260,14
6486,233,14
6487,211,13
6488,203,13
6489,186,15
6490,177,15
6491,171,18
6492,162,17
6493,152,16
6494,137,16
6495,127,16
6496,118,15
6497,116,16
6498,110,16
6499,104,17
6500,102,16
6501,93,16
6502,83,18
6503,73,18
6504,66,18
6505,64,19
6506,61,19
6507,51,19
6508,53,22
6509,48,21
6510,41,22
6511,38,24
6512,36,24
6513,38,24
6514,35,25
6515,36,26
6516,37,27
6517,38,28
6518,35,28
6519,35,28
6520,30,29
6521,29,29
6522,26,29
6523,23,30
6524,21,30
6525,22,31
6526,16,31
6527,12,32
6528,12,34
6529,10,36
6530,10,37
6531,9,36
6532,9,37
6533,9,38
6534,9,39
6535,8,38
6536,9,40
6537,10,40
6538,10,41
6539,10,43
6540,10,46
6541,10,46
6542,8,47
6543,10,49
6544,10,52
6545,8,53
6546,8,54
6547,7,54
6548,7,55
6549,7,58
6550,7,59
6551,5,59
6552,5,60
6553,5,61
6554,5,62
6555,5,64
6556,7,65
6557,8,65
6558,9,69
6559,7,70
6560,7,73
6561,8,74
6562,6,78
6563,6,80
6564,6,84
6565,5,86
6566,5,90
6567,6,92
6568,6,96
6569,6,99
6570,4,95
6571,4,99
6572,2,101
6573,2,105
6574,2,109
6575,2,115
6576,1,118
6577,0,119
6578,0,125
6579,0,128
6580,0,134
6581,0,135
6582,0,138
6583,0,142
6584,0,151
6585,0,155
6586,0,155
6587,0,157
6588,0,155
6589,0,160
6590,0,167
6591,0,169
6592,0,172
6593,0,174
6594,0,173
6595,0,176
6596,0,181
6597,0,183
6598,0,184
6599,0,191
6600,0,201
6601,0,209
6602,0,218
6603,0,224
6604,0,227
6605,0,227
6606,0,229
6607,0,238
6608,0,246
6609,0,257
6610,0,262
6611,0,276
6612,0,279
6613,0,283
6614,0,290
6615,0,293
6616,0,295
6617,0,305
6618,0,322
6619,0,338
6620,0,345
6621,0,346
6622,0,354
6623,0,360
6624,0,356
6625,0,359
6626,0,371
6627,0,377
6628,0,381
6629,0,386
6630,0,401
6631,0,409
6632,0,411
6633,0,421
6634,0,426
6635,0,435
6636,0,440
6637,0,445
6638,0,462
6639,0,472
6640,0,488
6641,0,499
6642,0,511
6643,0,521
6644,0,523
6645,0,530
6646,0,529
6647,0,528
6648,0,527
6649,0,539
6650,0,540
6651,0,547
6652,0,553
6653,0,559
6654,0,565
6655,0,575
6656,0,574
6657,0,579
6658,0,597
6659,0,606
6660,0,607
6661,0,624
6662,0,631
6663,0,647
6664,0,644
6665,0,646
6666,0,640
6667,0,635
6668,0,634
6669,0,638
6670,0,652
6671,0,665
6672,0,671
6673,0,674
6674,0,684
6675,0,688
6676,0,694
6677,0,705
6678,0,707
6679,0,710
6680,0,718
6681,0,730
6682,0,737
6683,0,734
6684,0,741
6685,0,736
6686,0,741
6687,0,742
6688,0,757
6689,0,775
6690,0,782
6691,0,781
6692,0,791
6693,0,789
6694,0,788
6695,0,797
6696,0,798
6697,0,804
6698,0,803
6699,0,809
6700,0,824
6701,0,833
6702,0,837
6703,0,824
6704,0,832
6705,0,835
6706,0,830
6707,0,833
6708,0,836
6709,0,841
6710,0,834
6711,0,834
6712,0,838
6713,0,844
6714,0,837
6715,0,837
6716,0,836
6717,0,845
6718,0,852
6719,0,855
6720,0,873
6721,0,882
6722,0,889
6723,0,889
6724,0,898
6725,0,892
6726,0,888
6727,0,885
6728,0,894
6729,0,894
6730,0,901
6731,0,902
6732,0,896
6733,0,896
6734,0,903
6735,0,900
6736,0,903
6737,0,898
6738,0,911
6739,0,905
6740,0,906
6741,0,922
6742,0,921
6743,0,917
6744,0,911
6745,0,904
6746,0,917
6747,0,914
6748,0,915
6749,0,934
6750,0,951
6751,0,964
6752,0,962
6753,0,958
6754,0,963
6755,0,964
6756,0,973
6757,0,990
6758,0,991
6759,0,999
6760,0,1005
6761,0,1012
6762,0,1016
6763,0,1022
6764,0,1010
6765,0,1008
6766,0,1004
6767,0,1019
6768,0,1037
6769,0,1041
6770,0,1032
6771,0,1017
6772,0,1018
6773,0,1006
6774,0,995
6775,0,988
6776,0,999
6777,0,1001
6778,0,996
6779,0,989
6780,0,987
6781,0,975
6782,0,971
6783,0,978
6784,0,978
6785,0,979
6786,0,971
6787,0,976
6788,0,967
6789,0,980
6790,0,985
6791,0,981
6792,0,973
6793,0,976
6794,0,981
6795,0,980
6796,0,979
6797,0,953
6798,0,947
6799,0,961
6800,525,2081
6801,549,1940
6802,573,1812
6803,610,1722
6804,640,1636
6805,670,1555
6806,694,1453
6807,717,1343
6808,747,1247
6809,783,1124
6810,814,1006
6811,841,899
6812,877,798
6813,900,759
6814,936,682
6815,976,604
6816,1023,539
6817,1068,490
6818,1091,439
6819,1129,389
6820,1157,342
6821,1192,319
6822,1229,289
6823,1267,248
6824,1305,229
6825,1344,204
6826,1350,191
6827,1356,176
6828,1376,166
6829,1407,147
6830,1420,130
6831,1446,111
6832,1460,99
6833,1452,91
6834,1421,84
6835,1422,86
6836,1426,81
6837,1408,79
6838,1408,76
6839,1420,66
6840,1410,64
6841,1381,64
6842,1358,67
6843,1350,64
6844,1329,65
6845,1309,67
6846,1273,68
6847,1253,68
6848,1231,68
6849,1214,66
6850,1185,62
6851,1177,56
6852,1157,56
6853,1134,54
6854,1102,57
6855,1078,54
6856,1045,54
6857,1013,52
6858,962,51
6859,929,47
6860,868,46
6861,837,46
6862,796,42
6863,756,42
6864,709,39
6865,663,40
6866,651,42
6867,611,45
6868,576,46
6869,564,46
6870,557,49
6871,533,49
6872,511,50
6873,477,52
6874,469,52
6875,446,51
6876,414,52
6877,390,49
6878,356,47
6879,336,46
6880,320,44
6881,311,44
6882,292,43
6883,287,43
6884,271,42
6885,262,44
6886,245,44
6887,233,43
6888,219,43
6889,191,44
6890,180,44
6891,171,45
6892,177,44
6893,170,46
6894,162,47
6895,155,46
6896,138,48
6897,122,49
6898,112,48
6899,111,50
6900,100,52
6901,91,54
6902,83,54
6903,85,55
6904,85,56
6905,86,57
6906,82,58
6907,83,60
6908,79,62
6909,79,64
6910,83,65
6911,83,68
6912,83,71
6913,74,74
6914,73,79
6915,72,85
6916,71,88
6917,67,90
6918,66,91
6919,69,94
6920,67,97
6921,68,103
6922,71,107
6923,73,110
6924,71,115
6925,70,122
6926,62,125
6927,50,130
6928,44,134
6929,40,136
6930,38,136
6931,35,142
6932,32,143
6933,30,148
6934,26,149
6935,27,155
6936,29,158
6937,31,163
6938,25,165
6939,25,163
6940,22,165
6941,22,164
6942,21,170
6943,21,174
6944,24,181
6945,24,185
6946,22,194
6947,23,200
6948,20,208
6949,19,213
6950,22,220
6951,20,226
6952,21,231
6953,21,235
6954,22,229
6955,23,233
6956,23,236
6957,22,246
6958,24,248
6959,27,251
6960,29,256
6961,32,255
6962,28,254
6963,23,264
6964,26,263
6965,26,270
6966,28,276
6967,29,288
6968,30,297
6969,24,308
6970,24,320
6971,25,325
6972,27,331
6973,25,334
6974,26,347
6975,20,356
6976,20,360
6977,21,366
6978,23,367
6979,23,370
6980,21,383
6981,24,397
6982,20,405
6983,21,407
6984,23,415
6985,21,418
6986,21,429
6987,21,431
6988,21,441
6989,18,456
6990,16,468
6991,15,470
6992,16,480
6993,16,490
6994,18,502
6995,18,505
6996,16,517
6997,17,511
6998,17,515
6999,17,520
7000,17,532
7001,18,549
7002,19,555
7003,23,558
7004,22,567
7005,24,575
7006,23,582
7007,25,588
7008,28,599
7009,27,604
7010,28,616
7011,30,627
7012,34,635
7013,34,641
7014,36,638
7015,39,643
7016,41,662
7017,44,676
7018,46,679
7019,50,681
7020,49,691
7021,50,705
7022,43,724
7023,40,738
7024,39,743
7025,38,759
7026,38,767
7027,37,781
7028,39,788
7029,38,795
7030,39,798
7031,37,815
7032,40,827
7033,41,824
7034,37,835
7035,34,849
7036,30,858
7037,28,856
7038,32,846
7039,32,867
7040,33,873
7041,31,868
7042,32,873
7043,34,887
7044,35,887
7045,34,917
7046,34,922
7047,32,928
7048,32,937
7049,35,941
7050,35,942
7051,38,945
7052,38,948
7053,36,962
7054,37,991
7055,39,1013
7056,36,1008
7057,34,1000
7058,32,990
7059,31,989
7060,29,970
7061,31,958
7062,32,962
7063,34,956
7064,33,969
7065,36,975
7066,37,967
7067,35,965
7068,35,969
7069,35,968
7070,36,971
7071,39,960
7072,39,950
7073,40,920
7074,41,910
7075,39,912
7076,37,914
7077,38,908
7078,38,910
7079,39,916
7080,39,923
7081,38,911
7082,38,918
7083,39,905
7084,40,896
7085,40,908
7086,40,914
7087,41,922
7088,40,922
7089,41,911
7090,40,900
7091,41,895
7092,43,901
7093,46,902
7094,49,909
7095,50,922
7096,45,934
7097,46,938
7098,46,951
7099,50,949
7100,49,955
7101,51,945
7102,53,944
7103,51,934
7104,53,919
7105,53,918
7106,54,927
7107,56,928
7108,54,920
7109,51,922
7110,53,925
7111,54,916
7112,54,913
7113,54,914
7114,51,914
7115,52,903
7116,51,889
7117,56,874
7118,59,881
7119,60,892
7120,60,892
7121,60,883
7122,60,890
7123,60,884
7124,59,895
7125,63,894
7126,60,863
7127,63,859
7128,64,862
7129,66,861
7130,68,851
7131,72,847
7132,71,837
7133,75,830
7134,76,844
7135,73,841
7136,75,845
7137,76,842
7138,76,843
7139,78,846
7140,82,846
7141,86,831
7142,87,824
7143,89,816
7144,95,805
7145,100,818
7146,99,825
7147,100,817
7148,103,806
7149,105,795
7150,110,781
7151,115,779
7152,115,771
7153,116,770
7154,121,768
7155,125,771
7156,127,772
7157,126,775
7158,127,769
7159,118,753
7160,119,739
7161,114,745
7162,121,749
7163,124,758
7164,126,761
7165,122,764
7166,115,762
7167,115,763
7168,116,761
7169,114,766
7170,108,774
7171,112,771
7172,116,762
7173,119,758
7174,119,764
7175,121,752
7176,125,737
7177,120,731
7178,125,734
7179,119,730
7180,117,736
7181,117,728
7182,120,723
7183,114,722
7184,113,729
7185,114,737
7186,119,743
7187,123,746
7188,118,750
7189,117,745
7190,120,736
7191,116,746
7192,119,747
7193,123,742
7194,118,750
7195,118,752
7196,121,747
7197,120,743
7198,115,742
7199,119,727
7200,530,2086
7201,562,1946
7202,585,1827
7203,616,1745
7204,654,1666
7205,675,1554
7206,697,1449
7207,726,1323
7208,743,1199
7209,768,1106
7210,811,1004
7211,841,909
7212,877,819
7213,911,733
7214,950,656
7215,985,601
7216,1024,549
7217,1068,473
7218,1106,416
7219,1137,388
7220,1176,353
7221,1200,313
7222,1228,269
7223,1263,239
7224,1302,222
7225,1332,210
7226,1364,179
7227,1381,173
7228,1414,164
7229,1436,147
7230,1468,137
7231,1474,127
7232,1472,106
7233,1483,99
7234,1504,90
7235,1500,83
7236,1515,75
7237,1488,66
7238,1479,64
7239,1471,55
7240,1449,46
7241,1430,47
7242,1396,53
7243,1402,56
7244,1394,60
7245,1373,56
7246,1347,51
7247,1316,49
7248,1283,51
7249,1244,47
7250,1226,44
7251,1203,39
7252,1183,36
7253,1146,36
7254,1087,35
7255,1049,34
7256,992,33
7257,911,31
7258,872,32
7259,820,32
7260,783,36
7261,748,37
7262,727,39
7263,712,39
7264,691,40
7265,663,40
7266,635,39
7267,603,40
7268,592,38
7269,570,38
7270,526,37
7271,493,36
7272,476,33
7273,466,33
7274,446,34
7275,415,31
7276,393,30
7277,384,28
7278,366,26
7279,375,29
7280,360,29
7281,339,28
7282,319,29
7283,305,31
7284,289,29
7285,266,29
7286,269,30
7287,238,30
7288,220,31
7289,224,32
7290,205,32
7291,195,31
7292,192,30
7293,178,31
7294,168,33
7295,168,34
7296,163,32
7297,158,34
7298,157,35
7299,150,39
7300,149,41
7301,132,42
7302,123,42
7303,107,43
7304,97,44
7305,89,45
7306,83,45
7307,76,48
7308,75,48
7309,72,50
7310,68,52
7311,60,52
7312,51,53
7313,51,53
7314,48,54
7315,47,56
7316,43,57
7317,38,58
7318,39,59
7319,34,60
7320,35,65
7321,34,67
7322,32,65
7323,30,65
7324,28,70
7325,28,70
7326,28,72
7327,29,75
7328,30,77
7329,30,80
7330,30,85
7331,30,85
7332,31,87
7333,31,91
7334,31,96
7335,29,96
7336,31,100
7337,30,104
7338,31,104
7339,31,107
7340,33,114
7341,33,120
7342,34,124
7343,32,125
7344,28,129
7345,29,134
7346,24,138
7347,23,138
7348,18,142
7349,19,145
7350,17,146
7351,17,149
7352,16,149
7353,17,153
7354,19,156
7355,18,160
7356,16,162
7357,16,163
7358,17,169
7359,18,177
7360,20,185
7361,22,188
7362,21,191
7363,20,195
7364,19,201
7365,18,207
7366,13,208
7367,15,212
7368,15,217
7369,15,224
7370,16,232
7371,17,239
7372,19,247
7373,19,247
7374,21,252
7375,21,262
7376,19,267
7377,17,273
7378,17,281
7379,18,291
7380,19,293
7381,20,300
7382,20,316
7383,21,317
7384,23,318
7385,22,325
7386,21,339
7387,21,336
7388,16,343
7389,17,350
7390,22,356
7391,23,365
7392,25,369
7393,28,375
7394,27,385
7395,30,392
7396,30,398
7397,32,409
7398,33,418
7399,31,432
7400,30,434
7401,29,449
7402,26,458
7403,27,466
7404,28,471
7405,30,480
7406,31,493
7407,29,500
7408,29,509
7409,28,507
7410,29,508
7411,28,505
7412,31,520
7413,32,527
7414,35,542
7415,36,538
7416,34,552
7417,30,562
7418,29,569
7419,29,575
7420,29,586
7421,31,587
7422,31,592
7423,31,596
7424,33,610
7425,35,605
7426,33,605
7427,33,613
7428,35,624
7429,31,641
7430,32,651
7431,36,660
7432,40,681
7433,38,705
7434,34,714
7435,36,735
7436,39,756
7437,38,767
7438,40,783
7439,39,790
7440,41,804
7441,39,815
7442,41,834
7443,42,830
7444,45,833
7445,46,845
7446,50,850
7447,52,857
7448,54,856
7449,53,854
7450,55,870
7451,56,863
7452,56,868
7453,55,872
7454,57,882
7455,57,892
7456,60,902
7457,60,904
7458,61,913
7459,64,917
7460,66,928
7461,70,924
7462,70,922
7463,67,923
7464,72,933
7465,74,923
7466,74,913
7467,76,912
7468,75,912
7469,77,919
7470,75,922
7471,77,923
7472,75,912
7473,75,903
7474,80,914
7475,77,926
7476,81,931
7477,88,914
7478,88,895
7479,84,881
7480,82,883
7481,83,888
7482,86,880
7483,87,876
7484,87,867
7485,86,867
7486,87,853
7487,93,847
7488,92,847
7489,95,840
7490,96,837
7491,102,836
7492,104,837
7493,105,840
7494,106,835
7495,109,845
7496,111,831
7497,109,838
7498,105,844
7499,108,837
7500,109,836
7501,108,820
7502,110,815
7503,111,808
7504,118,803
7505,130,785
7506,132,760
7507,139,756
7508,136,765
7509,137,775
7510,137,766
7511,145,757
7512,137,756
7513,137,763
7514,141,767
7515,144,764
7516,148,771
7517,156,781
7518,156,795
7519,160,782
7520,163,777
7521,165,783
7522,167,778
7523,175,768
7524,183,760
7525,185,762
7526,188,768
7527,188,772
7528,196,760
7529,200,762
7530,211,761
7531,207,762
7532,213,743
7533,216,745
7534,215,741
7535,222,738
7536,227,740
7537,228,730
7538,230,725
7539,234,718
7540,228,712
7541,232,707
7542,236,705
7543,241,693
7544,234,679
7545,240,678
7546,246,678
7547,254,674
7548,258,671
7549,267,659
7550,278,649
7551,279,658
7552,286,669
7553,282,653
7554,282,643
7555,288,646
7556,279,646
7557,285,641
7558,280,663
7559,275,658
7560,266,639
7561,262,642
7562,261,650
7563,271,640
7564,283,627
7565,293,614
7566,297,619
7567,299,629
7568,294,628
7569,294,632
7570,304,619
7571,302,621
7572,309,616
7573,319,620
7574,320,620
7575,327,618
7576,332,611
7577,335,595
7578,339,584
7579,346,572
7580,356,563
7581,366,562
7582,365,564
7583,374,558
7584,380,561
7585,385,560
7586,387,542
7587,386,551
7588,394,536
7589,395,535
7590,401,521
7591,400,511
7592,406,519
7593,395,512
7594,395,512
7595,394,497
7596,392,494
7597,381,480
7598,379,483
7599,367,479
7600,520,2062
7601,554,1917
7602,588,1812
7603,611,1700
7604,643,1618
7605,663,1524
7606,690,1436
7607,721,1337
7608,752,1242
7609,786,1161
7610,819,1039
7611,852,920
7612,898,821
7613,927,742
7614,962,664
7615,1007,598
7616,1051,538
7617,1084,479
7618,1119,438
7619,1151,386
7620,1183,339
7621,1221,319
7622,1260,271
7623,1292,234
7624,1317,215
7625,1353,194
7626,1372,178
7627,1407,164
7628,1443,152
7629,1445,140
7630,1437,126
7631,1466,118
7632,1466,107
7633,1488,104
7634,1475,94
7635,1437,86
7636,1437,81
7637,1428,74
7638,1411,66
7639,1376,65
7640,1352,58
7641,1363,59
7642,1354,59
7643,1327,60
7644,1319,59
7645,1301,53
7646,1283,48
7647,1264,47
7648,1256,40
7649,1230,38
7650,1201,41
7651,1188,39
7652,1150,38
7653,1133,38
7654,1090,39
7655,1059,39
7656,1003,40
7657,973,44
7658,953,44
7659,918,40
7660,871,41
7661,833,40
7662,807,38
7663,763,41
7664,717,41
7665,670,38
7666,641,37
7667,607,37
7668,561,39
7669,528,42
7670,499,43
7671,499,39
7672,482,40
7673,463,40
7674,431,39
7675,405,38
7676,391,39
7677,380,40
7678,365,41
7679,339,42
7680,316,41
7681,302,39
7682,281,38
7683,275,38
7684,264,39
7685,253,42
7686,253,42
7687,233,44
7688,219,44
7689,198,44
7690,188,45
7691,169,44
7692,165,44
7693,161,46
7694,141,46
7695,135,46
7696,129,50
7697,123,52
7698,120,52
7699,112,53
7700,103,54
7701,102,56
7702,100,59
7703,93,60
7704,89,62
7705,88,63
7706,91,64
7707,89,64
7708,81,69
7709,82,67
7710,81,65
7711,75,65
7712,74,66
7713,73,71
7714,69,72
7715,62,72
7716,57,73
7717,58,73
7718,54,74
7719,49,75
7720,48,77
7721,46,79
7722,44,81
7723,48,81
7724,47,87
7725,41,90
7726,42,93
7727,42,93
7728,41,98
7729,43,102
7730,41,106
7731,41,109
7732,41,110
7733,42,113
7734,44,115
7735,40,117
7736,25,118
7737,24,122
7738,20,126
7739,21,131
7740,23,137
7741,22,140
7742,22,142
7743,18,142
7744,18,142
7745,16,149
7746,19,153
7747,19,161
7748,19,170
7749,20,174
7750,22,182
7751,22,190
7752,24,195
7753,24,206
7754,24,208
7755,20,208
7756,19,212
7757,20,216
7758,18,221
7759,20,228
7760,19,225
7761,20,237
7762,17,240
7763,16,248
7764,14,257
7765,13,259
7766,13,269
7767,11,281
7768,12,294
7769,14,306
7770,15,315
7771,15,315
7772,12,325
7773,14,326
7774,15,321
7775,15,324
7776,15,333
7777,16,338
7778,16,355
7779,18,363
7780,18,365
7781,19,368
7782,20,367
7783,20,376
7784,19,375
7785,21,377
7786,21,382
7787,22,384
7788,22,396
7789,22,403
7790,21,410
7791,16,421
7792,16,426
7793,14,435
7794,14,446
7795,14,450
7796,16,461
7797,17,470
7798,18,476
7799,18,479
7800,16,492
7801,18,504
7802,19,522
7803,19,538
7804,21,559
7805,21,576
7806,22,580
7807,20,588
7808,21,588
7809,21,585
7810,24,607
7811,25,621
7812,24,625
7813,22,639
7814,23,639
7815,23,644
7816,22,654
7817,22,650
7818,24,664
7819,25,675
7820,25,673
7821,25,684
7822,26,679
7823,30,684
7824,31,695
7825,33,710
7826,35,707
7827,35,721
7828,35,735
7829,36,742
7830,38,751
7831,40,756
7832,40,764
7833,39,773
7834,40,785
7835,40,786
7836,38,793
7837,40,812
7838,43,824
7839,49,849
7840,49,852
7841,54,859
7842,54,869
7843,55,879
7844,57,889
7845,56,880
7846,58,876
7847,63,871
7848,66,868
7849,69,878
7850,70,884
7851,71,888
7852,74,893
7853,74,905
7854,77,914
7855,80,912
7856,86,903
7857,88,908
7858,89,908
7859,85,902
7860,83,912
7861,83,918
7862,87,923
7863,92,926
7864,96,922
7865,103,927
7866,101,925
7867,105,930
7868,109,927
7869,107,932
7870,109,916
7871,109,924
7872,111,912
7873,112,910
7874,107,904
7875,104,898
7876,104,897
7877,109,898
7878,115,876
7879,113,872
7880,110,872
7881,115,870
7882,117,867
7883,123,871
7884,131,870
7885,134,876
7886,139,876
7887,142,878
7888,138,884
7889,140,883
7890,143,893
7891,149,886
7892,152,890
7893,155,877
7894,151,862
7895,156,861
7896,160,856
7897,162,857
7898,165,846
7899,170,838
7900,177,832
7901,191,840
7902,192,849
7903,198,840
7904,197,825
7905,198,816
7906,196,797
7907,195,779
7908,195,760
7909,191,744
7910,198,734
7911,202,724
7912,203,715
7913,196,717
7914,204,707
7915,198,697
7916,202,688
7917,204,682
7918,207,683
7919,196,679
7920,196,681
7921,196,684
7922,197,675
7923,202,677
7924,204,673
7925,201,680
7926,206,682
7927,199,679
7928,205,683
7929,206,685
7930,216,685
7931,223,679
7932,228,670
7933,224,669
7934,225,667
7935,219,666
7936,209,665
7937,215,660
7938,215,661
7939,207,653
7940,207,649
7941,215,645
7942,219,639
7943,222,640
7944,217,629
7945,218,622
7946,220,615
7947,224,622
7948,219,624
7949,233,617
7950,229,614
7951,230,612
7952,234,598
7953,241,600
7954,242,607
7955,246,603
7956,245,597
7957,239,609
7958,235,594
7959,235,592
7960,236,602
7961,243,609
7962,249,596
7963,248,586
7964,250,579
7965,252,563
7966,253,559
7967,256,559
7968,251,556
7969,250,559
7970,246,569
7971,254,574
7972,250,565
7973,249,560
7974,249,547
7975,248,547
7976,253,541
7977,261,529
7978,256,533
7979,265,531
7980,269,535
7981,281,531
7982,282,545
7983,284,549
7984,283,538
7985,274,539
7986,274,540
7987,279,548
7988,282,550
7989,274,529
7990,271,527
7991,279,530
7992,284,523
7993,286,525
7994,285,526
7995,305,523
7996,315,518
7997,325,517
7998,335,524
7999,331,513
